Alcatel OT 813D,http://www.infibeam.com/Mobiles/i-Alcatel-OT-813D-Dual-SIM/P-E-M-Alcatel-OT-813D.html,Alcatel OT 813D,M0001,Match,Code B-Tree Match
Apple iPhone 3GS 8GB,http://www.infibeam.com/Mobiles/i-Apple-iPhone-3GS-8GB/P-E-M-Apple-iPhone-3GS-8GB.html,Apple iPhone 3GS 8GB (Airtel lock),M0341,Match,Code B-Tree Match
BlackBerry 9330,http://www.infibeam.com/Mobiles/i-BlackBerry-3G-9330-SmartPhone/P-E-M-BlackBerry-9330.html,BlackBerry 9330,M0379,Match,Code B-Tree Match
BlackBerry 9800 Torch,http://www.infibeam.com/Mobiles/i-BlackBerry-Torch-9800-OS6-Smartphone/P-E-M-BlackBerry-9800-Torch.html,BlackBerry Torch 9800,M0004,Match,Code B-Tree Match
BlackBerry Bold 9790,http://www.infibeam.com/Mobiles/i-BlackBerry-Bold-9790-SmartPhone/P-E-M-BlackBerry-Bold-9790.html,BlackBerry Bold 9790,M0005,Match,Code B-Tree Match
BlackBerry Bold Touch 9900,http://www.infibeam.com/Mobiles/i-BlackBerry-Bold-Touch-9900-Smartphone/P-E-M-BlackBerry-Bold-Touch-9900.html,BlackBerry Bold 9900,M0006,Match,Code B-Tree Match
BlackBerry Curve 8520,http://www.infibeam.com/Mobiles/i-BlackBerry-Curve-8520-SmartPhone/P-E-M-BlackBerry-Curve8520.html,BlackBerry Curve 8520,M0007,Match,Code B-Tree Match
BlackBerry Curve 9360,http://www.infibeam.com/Mobiles/i-BlackBerry-Curve-9360-Android-Smartphone/P-E-M-BlackBerry-Curve-9360.html,BlackBerry Curve 9360,M0008,Match,Code B-Tree Match
BlackBerry Curve 9380,http://www.infibeam.com/Mobiles/i-BlackBerry-Curve-9380-SmartPhone/P-E-M-BlackBerry-Curve-9380.html,BlackBerry Curve 9380,M0009,Match,Code B-Tree Match
BlackBerry Style 9670,http://www.infibeam.com/Mobiles/i-BlackBerry-Style-9670-3G-Smartphone/P-E-M-BlackBerry-Style-9670.html,BlackBerry 9670,M0010,Match,Code B-Tree Match
BlackBerry Torch 9810,http://www.infibeam.com/Mobiles/i-BlackBerry-Torch-9810-3G-Smartphone/P-E-M-BlackBerry-Torch-9810.html,BlackBerry Torch 9810,M0011,Match,Code B-Tree Match
BlackBerry Torch 9860,http://www.infibeam.com/Mobiles/i-BlackBerry-Torch-9860-Touchscreen-Smartphone/P-E-M-BlackBerry-Torch-9860.html,BlackBerry Torch 9860,M0012,Match,Code B-Tree Match
Dell XCD28,http://www.infibeam.com/Mobiles/i-Dell-XCD28-3G-Android-Smartphone/P-E-M-Dell-XCD28.html,Dell XCD28,M0013,Match,Code B-Tree Match
Dell XCD35,http://www.infibeam.com/Mobiles/i-Dell-XCD35-Android-3G-Smartphone/P-E-M-Dell-XCD35.html,Dell XCD35,M0014,Match,Code B-Tree Match
HTC EVO 3D,http://www.infibeam.com/Mobiles/i-HTC-EVO-3D-Android-Smartphone/P-E-M-HTC-EVO-3D.html,HTC EVO 3D,M0015,Match,Code B-Tree Match
HTC Legend A6363,http://www.infibeam.com/Mobiles/i-HTC-Legend-A6363/P-E-M-HTC-Legend.html,HTC Legend A6363,M0016,Match,Code B-Tree Match
Intex IN 007 Maxima,http://www.infibeam.com/Mobiles/i-Intex-Maxima-Dual-Sim-Mobile/P-E-M-Intex-IN-007-Maxima.html,Intex IN 007 Maxima,M0017,Match,Code B-Tree Match
Intex IN 1212 Nano Plus,http://www.infibeam.com/Mobiles/i-Intex-IN-1212-Nano-Plus/P-E-M-Intex-IN-1212-Nano-Plus.html,Intex Nano IN 1212,M0018,Match,Code B-Tree Match
Intex IN 2040E,http://www.infibeam.com/Mobiles/i-Intex-IN-2040-E-DualSIM/P-E-M-Intex-IN2040E.html,Intex IN 2040E,M0019,Match,Code B-Tree Match
Intex IN 2060,http://www.infibeam.com/Mobiles/i-Intex-IN-2060-Dual-SIM/P-E-M-Intex-2060.html,Intex IN 2060,M0020,Match,Code B-Tree Match
Intex IN 2080,http://www.infibeam.com/Mobiles/i-Intex-IN-2080-Dual-Sim/P-E-M-Intex-IN2080.html,Intex IN 2080,M0021,Match,Code B-Tree Match
Intex IN 5030,http://www.infibeam.com/Mobiles/i-Intex-IN-5030-Triple-SIM/P-E-M-Intex-IN5030.html,Intex IN 5030,M0022,Match,Code B-Tree Match
Intex IN 8809 Projector,http://www.infibeam.com/Mobiles/i-Intex-IN-8009-Vshow-Projector/P-E-M-Intex-IN-8809-Projector.html,Intex IN 8809,M0023,Match,Code B-Tree Match
Intex IN 8810 Projector,http://www.infibeam.com/Mobiles/i-Intex-IN-8810-Projector-Mobile/P-E-M-Intex-IN8810-Projector.html,Intex V.Show Projector IN 8810,M0024,Match,Code B-Tree Match
Intex Kool 4370,http://www.infibeam.com/Mobiles/i-Intex-Kool-Dual-Sim-Mobile/P-E-M-Intex-Kool-4370.html,Intex Kool 4370,M0025,Match,Code B-Tree Match
Karbonn K 111,http://www.infibeam.com/Mobiles/i-Karbonn-K111-Dual-SIM-Multimedia/P-E-M-Karbonn-K111.html,Karbonn K 111,M0610,Match,Code B-Tree Match
Karbonn K 505,http://www.infibeam.com/Mobiles/i-Karbonn-K505-Dual-SIM-Mobile/P-E-M-Karbonn-K505.html,Karbonn K 505,M0027,Match,Code B-Tree Match
Karbonn K336,http://www.infibeam.com/Mobiles/i-Karbonn-K336-Dual-SIM-Multimedia/P-E-M-Karbonn-K336.html,Karbonn K336,M0028,Match,Code B-Tree Match
Karbonn K433,http://www.infibeam.com/Mobiles/i-Karbonn-K433-Dual-Sim/P-E-M-Karbonn-K433.html,Karbonn K433,M0029,Match,Code B-Tree Match
Karbonn K455,http://www.infibeam.com/Mobiles/i-Karbonn-K455-Dual-SIM-Slider/P-E-M-Karbonn-K455.html,Karbonn K455,M0030,Match,Code B-Tree Match
Karbonn K666,http://www.infibeam.com/Mobiles/i-Karbonn-K666-Dual-Sim/P-E-M-Karbonn-K666.html,Karbonn K666,M0031,Match,Code B-Tree Match
LG A120,http://www.infibeam.com/Mobiles/i-LG-A120-Dual-Speaker-Mobile/P-E-M-LG-A120.html,LG A120,M0032,Match,Code B-Tree Match
LG A165,http://www.infibeam.com/Mobiles/i-LG-A165-Dual-SIM-Mobile/P-E-M-LG-A165.html,LG A165,M0033,Match,Code B-Tree Match
LG A230,http://www.infibeam.com/Mobiles/i-LG-A230-Dual-SIM-Mobile/P-E-M-LG-A230.html,LG A230,M0034,Match,Code B-Tree Match
LG BL40 New Chocolate,http://www.infibeam.com/Mobiles/i-LG-BL40-New-Chocolate-Smartphone/P-E-M-LG-BL40.html,LG Chocolate BL40,M0035,Match,Code B-Tree Match
LG C105,http://www.infibeam.com/Mobiles/i-LG-C105-QWERTY-Smartphone/P-E-M-LG-C105.html,LG C105,M0036,Match,Code B-Tree Match
LG Cookie Duet C310,http://www.infibeam.com/Mobiles/i-LG-Cookie-Duet-C310-Smartphone/P-E-M-LG-C310.html,LG C310,M0037,Match,Code B-Tree Match
LG Cookie Fresh GS290,http://www.infibeam.com/Mobiles/i-LG-Cookie-Fresh-GS290-Smartphone/P-E-M-LG-GS290.html,LG Cookie Fresh GS290,M0038,Match,Code B-Tree Match
LG GB110 Bullet,http://www.infibeam.com/Mobiles/i-LG-GB110-Bullet/P-E-M-LG-GB110Bullet-Bullet.html,LG GB110,M0039,Match,Code B-Tree Match
LG GB220,http://www.infibeam.com/Mobiles/i-LG-GB220-Flip/P-E-M-LG-GB220.html,LG Buzz GB220,M0040,Match,Code B-Tree Match
LG GS108,http://www.infibeam.com/Mobiles/i-LG-GS108-Mobile-Phone/P-E-M-LG-GS108.html,LG GS108,M0041,Match,Code B-Tree Match
LG GS155,http://www.infibeam.com/Mobiles/i-LG-GS155-Mobile/P-E-M-LG-GS155.html,LG GS155,M0042,Match,Code B-Tree Match
LG GU220,http://www.infibeam.com/Mobiles/i-LG-GU220-Slider-Mobile/P-E-M-LG-GU220.html,LG GU220,M0043,Match,Code B-Tree Match
LG GU285,http://www.infibeam.com/Mobiles/i-LG-GU285-3G-Slider-Mobile/P-E-M-LG-GU285.html,LG GU285,M0044,Match,Code B-Tree Match
LG GW300,http://www.infibeam.com/Mobiles/i-LG-GW300/P-E-M-LG-GW300.html,LG GW300,M0045,Match,Code B-Tree Match
LG GX300,http://www.infibeam.com/Mobiles/i-LG-GX300-Dual-SIM-Mobile/P-E-M-LG-GX300.html,LG GX300,M0046,Match,Code B-Tree Match
LG GX500,http://www.infibeam.com/Mobiles/i-LG-GX500-Dual-SIM-Mobile/P-E-M-LG-GX500.html,LG GX500,M0047,Match,Code B-Tree Match
LG Optimus 2X P990,http://www.infibeam.com/Mobiles/i-LG-Optimus-2X-P990-Dualcore/P-E-M-LG-Optimus-2X-P990.html,LG Optimus 2X P990,M0048,Match,Code B-Tree Match
LG Optimus 3D P920,http://www.infibeam.com/Mobiles/i-LG-Optimus-3D-P920-Smartphone/P-E-M-LG-3D-P920.html,LG Optimus 3D P920,M0049,Match,Code B-Tree Match
LG Optimus Black P970,http://www.infibeam.com/Mobiles/i-LG-Optimus-Black-P970-Smartphone/P-E-M-LG-Optimus-Black-P970.html,LG Optimus Black P970,M0050,Match,Code B-Tree Match
LG Optimus Hub E510,http://www.infibeam.com/Mobiles/i-LG-Optimus-Hub-E510-Smartphone/P-E-M-LG-E510.html,LG Optimus Hub E510,M0051,Match,Code B-Tree Match
LG Optimus Me P350,http://www.infibeam.com/Mobiles/i-LG-Optimus-Me-P350-Android/P-E-M-LG-Optimus-Me-P350.html,LG Optimus Me P350,M0052,Match,Code B-Tree Match
LG Optimus NET P690,http://www.infibeam.com/Mobiles/i-LG-Optimus-NET-P690-SmartPhone/P-E-M-LG-Optimus-NET-P690.html,LG Optimus NET P690,M0053,Match,Code B-Tree Match
LG Optimus One P500,http://www.infibeam.com/Mobiles/i-LG-Optimus-One-P500-Smartphone/P-E-M-LG-P500.html,LG Optimus One P500,M0054,Match,Code B-Tree Match
LG Optimus Pro C660,http://www.infibeam.com/Mobiles/i-LG-Optimus-ProC660-Qwerty-Phone/P-E-M-LG-Optimus-Pro-C660.html,LG Optimus Pro C660,M0055,Match,Code B-Tree Match
LG Optimus Sol E730,http://www.infibeam.com/Mobiles/i-LG-Smartphone-Optimus-Sol-E730/P-E-M-LG-Optimus-Sol-E730.html,LG Optimus Sol E730,M0057,Match,Code B-Tree Match
LG Optimus Sol E730,http://www.infibeam.com/Mobiles/i-LG-Optimus-Sol-E730-Android/P-E-M-LG-E730.html,LG Optimus Sol E730,M0057,Match,Code B-Tree Match
LG P520,http://www.infibeam.com/Mobiles/i-LG-P520-Dual-SIM-Touchscreen/P-E-M-LG-P520.html,LG P520,M0058,Match,Code B-Tree Match
LG S310,http://www.infibeam.com/Mobiles/i-LG-S310-Mobile-Phone/P-E-M-LG-S310.html,LG S310,M0059,Match,Code B-Tree Match
LG T300 Cookie Joy,http://www.infibeam.com/Mobiles/i-LG-T300-Cookie-Joy-Smartphone/P-E-M-LG-T300.html,LG T300,M0060,Match,Code B-Tree Match
LG T515,http://www.infibeam.com/Mobiles/i-LG-T515-Touchscreen-Mobile/P-E-M-LG-T515.html,LG T515,M0061,Match,Code B-Tree Match
LG X330,http://www.infibeam.com/Mobiles/i-LG-X330-Dual-SIM-Multimedia/P-E-M-LG-X330.html,Micromax X330,M0133,Match,Code B-Tree Match
Lava A10,http://www.infibeam.com/Mobiles/i-Lava-A10-First-Touch-Screen/P-E-M-Lava-A10.html,Lava A10,M0063,Match,Code B-Tree Match
Lava A11 Dual Sim With Clamshell,http://www.infibeam.com/Mobiles/i-Lava-A11-Dual-Flip-Phone/P-E-M-Lava-A11.html,,,No Match
Lava A16 MTV Phone,http://www.infibeam.com/Mobiles/i-Lava-A16-MTV-Dual-Phone/P-E-M-Lava-A16.html,Lava A16,M0065,Match,Code B-Tree Match
Lava B5 Qwerty,http://www.infibeam.com/Mobiles/i-Lava-B5-Qwerty-Smartphone-DualSim/P-E-M-Lava-B5Qwerty.html,Lava B5 Qwerty,M0607,Match,Code B-Tree Match
Lava B8 - Dual Sim,http://www.infibeam.com/Mobiles/i-Lava-B8-Dual-SIM-QWERTY/P-E-M-Lava-B8.html,Lava B8,M0067,Match,Code B-Tree Match
Lava KKT 30,http://www.infibeam.com/Mobiles/i-Lava-KKT-30-Dual-Sim/P-E-M-Lava-KKT30.html,Lava KKT 30,M0068,Match,Code B-Tree Match
Lava M70,http://www.infibeam.com/Mobiles/i-Lava-M70-Dual-Sim-Smartphone/P-E-M-Lava-M70.html,Lava M70,M0069,Match,Code B-Tree Match
Lava M9,http://www.infibeam.com/Mobiles/i-Lava-M9-Dual-Sim-Mobile/P-E-M-Lava-M9.html,Lava M9,M0070,Match,Code B-Tree Match
Lava S12,http://www.infibeam.com/Mobiles/i-Lava-S12-Android-Mobile/P-E-M-Lava-S12.html,Lava S12,M0071,Match,Code B-Tree Match
Lemon Duo 212,http://www.infibeam.com/Mobiles/i-Lemon-Duo-212-Mobile-Phone/P-E-M-Lemon-Duo212.html,Lemon Duo 212,M0072,Match,Code B-Tree Match
Lemon Duo 306,http://www.infibeam.com/Mobiles/i-Lemon-Duo-306-Dual-SIM/P-E-M-Lemon-Duo-306.html,Lemon Duo 306,M0073,Match,Code B-Tree Match
Lemon Duo 309,http://www.infibeam.com/Mobiles/i-Lemon-Duo-309-GSM-Mobile/P-E-M-Lemon-Duo309.html,Lemon Duo 309,M0074,Match,Code B-Tree Match
Lemon Duo 325,http://www.infibeam.com/Mobiles/i-Lemon-Duo-325-Dual-SIM/P-E-M-Lemon-Duo325.html,Lemon Duo 325,M0423,Match,Code B-Tree Match
Lemon Duo 339 Super,http://www.infibeam.com/Mobiles/i-Lemon-Duo-339-Super-Mobile/P-E-M-Lemon-Duo-339-Super.html,Lemon Duo 339 Super,M0077,Match,Code B-Tree Match
Lemon Duo 339,http://www.infibeam.com/Mobiles/i-Lemon-Duo-339-Mobile-Phone/P-E-M-Lemon-Duo339.html,Lemon Duo 339 Super,M0077,Match,Code B-Tree Match
Lemon Duo 349,http://www.infibeam.com/Mobiles/i-Lemon-Duo-349-GSM-Mobile/P-E-M-Lemon-Duo349.html,Lemon 349,M0078,Match,Code B-Tree Match
Lemon F101,http://www.infibeam.com/Mobiles/i-Lemon-F101-Flip-Mobile-Phone/P-E-M-Lemon-F101.html,Lemon Flip F101,M0079,Match,Code B-Tree Match
Lemon W100,http://www.infibeam.com/Mobiles/i-Lemon-W100-3G-Mobile-Phone/P-E-M-Lemon-W100.html,Lemon W100,M0080,Match,Code B-Tree Match
Lemon iQ 505,http://www.infibeam.com/Mobiles/i-Lemon-iQ-505-Qwerty-Phone/P-E-M-Lemon-iQ505.html,Lemon 505,M0081,Match,Code B-Tree Match
Maxx GC735,http://www.infibeam.com/Mobiles/i-Maxx-GC735-Dual-SIM-Slider/P-E-M-Maxx-GC735.html,Maxx GC735,M0082,Match,Code B-Tree Match
Maxx MQ601,http://www.infibeam.com/Mobiles/i-Maxx-MQ601-Dual-Sim-Mobile/P-E-M-Maxx-MQ601.html,Maxx MQ601,M0083,Match,Code B-Tree Match
Maxx MSD7,http://www.infibeam.com/Mobiles/i-Maxx-MSD7-Dual-Sim-Mobile/P-E-M-Maxx-MSD7.html,Maxx MSD7,M0084,Match,Code B-Tree Match
Maxx MT105,http://www.infibeam.com/Mobiles/i-Maxx-MT105-Zippy-Touchscreen-Phone/P-E-M-Maxx-MT105.html,Maxx Zippy MT105,M0085,Match,Code B-Tree Match
Maxx MX124,http://www.infibeam.com/Mobiles/i-Maxx-MX124-Dual-SIM-Mobile/P-E-M-Maxx-MX124.html,Maxx MX124,M0086,Match,Code B-Tree Match
Maxx MX166,http://www.infibeam.com/Mobiles/i-Maxx-MX166-Yoyo-Dualsim-Mobile/P-E-M-Maxx-MX166.html,Maxx Yoyo MX166,M0087,Match,Code B-Tree Match
Maxx MX192,http://www.infibeam.com/Mobiles/i-Maxx-MX192-Tune-Dualsim-Mobile/P-E-M-Maxx-MX192.html,Maxx MX192 -Tune,M0088,Match,Code B-Tree Match
Maxx MX250,http://www.infibeam.com/Mobiles/i-Maxx-MX250-Dual-SIM-Mobile/P-E-M-Maxx-MX250.html,Maxx MX250,M0089,Match,Code B-Tree Match
Maxx MX349,http://www.infibeam.com/Mobiles/i-Maxx-MX349-Jazz-Dualsim-Phone/P-E-M-Maxx-MX349.html,Maxx MX349,M0090,Match,Code B-Tree Match
Maxx MX365,http://www.infibeam.com/Mobiles/i-Maxx-MX365-Dual-Sim-Mobile/P-E-M-Maxx-MX365.html,Maxx MX365,M0091,Match,Code B-Tree Match
Maxx MX372,http://www.infibeam.com/Mobiles/i-Maxx-MX372-Tiny-Dualsim-Mobile/P-E-M-Maxx-MX372.html,Maxx Tiny MX372,M0092,Match,Code B-Tree Match
Maxx MX388,http://www.infibeam.com/Mobiles/i-Maxx-MX388-Glo-Dualsim-Phone/P-E-M-Maxx-MX388.html,Maxx MX388,M0093,Match,Code B-Tree Match
Maxx MX469,http://www.infibeam.com/Mobiles/i-Maxx-MX469-Dual-Sim-Phone/P-E-M-Maxx-MX469.html,Maxx MX469,M0094,Match,Code B-Tree Match
Micromax A70,http://www.infibeam.com/Mobiles/i-Micromax-A70-Android-Mobile-Phone/P-E-M-Micromax-A70.html,Micromax A70,M0095,Match,Code B-Tree Match
Micromax A85 Superfone Dual Core Android Smartphone,http://www.infibeam.com/Mobiles/i-Micromax-A85-Android-Smartphone/P-E-M-Micromax-A85.html,,,No Match
Micromax Andro A60,http://www.infibeam.com/Mobiles/i-Micromax-Andro-A60-Android-Smartphone/P-E-M-Micromax-A60.html,Micromax Andro A60,M0097,Match,Code B-Tree Match
Micromax G4 Gamolution,http://www.infibeam.com/Mobiles/i-Micromax-G4-Gamolution-Dual-Sim/P-E-M-Micromax-G4.html,Micromax Gamolution G4,M0098,Match,Code B-Tree Match
Micromax GC256,http://www.infibeam.com/Mobiles/i-Micromax-GC256-Dual-SIM-Mobile/P-E-M-Micromax-GC256.html,Micromax GC256,M0099,Match,Code B-Tree Match
Micromax GC360,http://www.infibeam.com/Mobiles/i-Micromax-GC360-Dual-SIM-Mobile/P-E-M-Micromax-GC360.html,Micromax GC360,M0100,Match,Code B-Tree Match
Micromax M2,http://www.infibeam.com/Mobiles/i-Micromax-M2-Dual-SIM-Mobile/P-E-M-Micromax-M2.html,Micromax M2,M0101,Match,Code B-Tree Match
Micromax Q2,http://www.infibeam.com/Mobiles/i-Micromax-Q2-Ezpad/P-E-M-Micromax-Q2.html,Micromax Q2,M0102,Match,Code B-Tree Match
Micromax Q2+,http://www.infibeam.com/Mobiles/i-Micromax-Q2-Dual-Band-Bluetooth/P-E-M-Micromax-Q2Plus.html,Micromax Q2+,M0103,Match,Code B-Tree Match
Micromax Q3 Plus Ezpad,http://www.infibeam.com/Mobiles/i-Micromax-Q3-Plus-EZPAD-Smartphone/P-E-M-Micromax-Q3-Plus-Ezpad.html,Micromax Q3,M0104,Match,Code B-Tree Match
Micromax Q35,http://www.infibeam.com/Mobiles/i-Micromax-Q35-Qwerty-Mobile-Phone/P-E-M-Micromax-Q35.html,Micromax Q35,M0105,Match,Code B-Tree Match
Micromax Q50,http://www.infibeam.com/Mobiles/i-micromax-Q50-Ezpad-Qwerty-Mobile/P-E-M-Micromax-Q50.html,Micromax Q50,M0106,Match,Code B-Tree Match
Micromax Q55 Bling - Dual Sim,http://www.infibeam.com/Mobiles/i-Micromax-Q55-Bling-Dual-Sim/P-E-M-Micromax-Q55Bling.html,Micromax Q55 Bling (Limited IIFA Edition),M0301,Match,Code B-Tree Match
Micromax Q56,http://www.infibeam.com/Mobiles/i-Micromax-Q56-Slider-QWERTY-Mobile/P-E-M-Micromax-Q56.html,Micromax Q56,M0108,Match,Code B-Tree Match
Micromax Q6,http://www.infibeam.com/Mobiles/i-Micromax-Q6-Dual-Sim/P-E-M-Micromax-Q6.html,Micromax Q6,M0109,Match,Code B-Tree Match
Micromax Q7,http://www.infibeam.com/Mobiles/i-Micromax-Q7-Ezpad-Dual-Sim/P-E-M-Micromax-Q7.html,Micromax Q7,M0110,Match,Code B-Tree Match
Micromax Q75,http://www.infibeam.com/Mobiles/i-Micromax-Q75-Dual-SIM-Standby/P-E-M-Micromax-Q75.html,Micromax Q75,M0111,Match,Code B-Tree Match
Micromax Q80,http://www.infibeam.com/Mobiles/i-Micromax-Q80-Qwerty-Mobile-Phone/P-E-M-Micromax-Q80.html,Micromax Q80,M0112,Match,Code B-Tree Match
Micromax W900,http://www.infibeam.com/Mobiles/i-Micromax-W900-Touchscreen-Dual-Sim/P-E-M-Micromax-W900.html,Micromax W900,M0113,Match,Code B-Tree Match
Micromax X100,http://www.infibeam.com/Mobiles/i-Micromax-X100/P-E-M-Micromax-X100.html,Micromax X100,M0114,Match,Code B-Tree Match
Micromax X111,http://www.infibeam.com/Mobiles/i-Micromax-X111/P-E-M-Micromax-X111.html,Micromax X111,M0115,Match,Code B-Tree Match
Micromax X117,http://www.infibeam.com/Mobiles/i-Micromax-X117-Dual-SIM-Phone/P-E-M-Micromax-X117.html,Micromax X117,M0116,Match,Code B-Tree Match
Micromax X200,http://www.infibeam.com/Mobiles/i-Micromax-X200-Dual-Sim-Mobile/P-E-M-Micromax-X200.html,Micromax X200,M0117,Match,Code B-Tree Match
Micromax X210,http://www.infibeam.com/Mobiles/i-Micromax-X210-Dual-Sim-Mobile/P-E-M-Micromax-X210.html,Micromax X210,M0118,Match,Code B-Tree Match
Micromax X222,http://www.infibeam.com/Mobiles/i-Micromax-X222-Touch-Screen-Mobile/P-E-M-Micromax-X222.html,Micromax X222,M0119,Match,Code B-Tree Match
Micromax X228,http://www.infibeam.com/Mobiles/i-Micromax-X228-Dual-SIM-Mobile/P-E-M-Micromax-X228.html,Micromax X228,M0120,Match,Code B-Tree Match
Micromax X229,http://www.infibeam.com/Mobiles/i-Micromax-X229-Dual-Sim-Phone/P-E-M-Micromax-X229.html,Micromax X229,M0121,Match,Code B-Tree Match
Micromax X230,http://www.infibeam.com/Mobiles/i-Micromax-X230-Dual-SIM-Rugged/P-E-M-Micromax-X230.html,Micromax X230,M0122,Match,Code B-Tree Match
Micromax X231,http://www.infibeam.com/Mobiles/i-Micromax-X231-Dual-Sim-Phone/P-E-M-Micromax-X231.html,Micromax X231,M0123,Match,Code B-Tree Match
Micromax X235 (Universal Remote),http://www.infibeam.com/Mobiles/i-Micromax-X235-Universal-Remote/P-E-M-Micromax-X235.html,Micromax X235,M0124,Match,Code B-Tree Match
Micromax X261,http://www.infibeam.com/Mobiles/i-Micromax-Dual-Sim-X261/P-E-M-Micromax-X261.html,Micromax X261,M0125,Match,Code B-Tree Match
Micromax X263,http://www.infibeam.com/Mobiles/i-Micromax-X263-Dual-Sim-Phone/P-E-M-Micromax-X263.html,Micromax X263,M0126,Match,Code B-Tree Match
Micromax X265,http://www.infibeam.com/Mobiles/i-Micromax-X265-Dual-SIM-Mobile/P-E-M-Micromax-X265.html,Micromax X265,M0127,Match,Code B-Tree Match
Micromax X266,http://www.infibeam.com/Mobiles/i-Micromax-X266-Dual-SIM-Mobile/P-E-M-Micromax-X266.html,Micromax X266,M0128,Match,Code B-Tree Match
Micromax X270,http://www.infibeam.com/Mobiles/i-Micromax-Dual-Sim-X270/P-E-M-Micromax-X270.html,Micromax X270,M0129,Match,Code B-Tree Match
Micromax X285,http://www.infibeam.com/Mobiles/i-Micromax-X285-Dual-SIM-Mobile/P-E-M-Micromax-X285.html,Micromax X285,M0130,Match,Code B-Tree Match
Micromax X288,http://www.infibeam.com/Mobiles/i-Micromax-X288-Dual-Sim-Phone/P-E-M-Micromax-X288.html,Micromax X288,M0131,Match,Code B-Tree Match
Micromax X290,http://www.infibeam.com/Mobiles/i-Micromax-X290-Dual-SIM-Mobile/P-E-M-Micromax-X290.html,Micromax X290,M0132,Match,Code B-Tree Match
Micromax X330,http://www.infibeam.com/Mobiles/i-Micromax-X330-Dual-Sim/P-E-M-Micromax-X330.html,Micromax X330,M0133,Match,Code B-Tree Match
Micromax X360,http://www.infibeam.com/Mobiles/i-Micromax-X360-Dual-Sim/P-E-M-Micromax-X360.html,Micromax X360,M0134,Match,Code B-Tree Match
Micromax X365,http://www.infibeam.com/Mobiles/i-Micromax-X365-Dual-SIM-Rugged/P-E-M-Micromax-X365.html,Micromax X365,M0135,Match,Code B-Tree Match
Micromax X395,http://www.infibeam.com/Mobiles/i-Micromax-X395-Dual-SIM-Mobile/P-E-M-Micromax-X395.html,Micromax X395,M0136,Match,Code B-Tree Match
Micromax X40,http://www.infibeam.com/Mobiles/i-Micromax-X40-Projector-Phone/P-E-M-Micromax-X40.html,Micromax X40,M0137,Match,Code B-Tree Match
Micromax X410,http://www.infibeam.com/Mobiles/i-Micromax-X410-Dual-Sim-Mobile/P-E-M-Micromax-X410.html,Zen X410,M0297,Match,Code B-Tree Match
Micromax X450,http://www.infibeam.com/Mobiles/i-Micromax-X450-Dual-SIM-Mobile/P-E-M-Micromax-X450.html,Micromax Van Gogh X450,M0139,Match,Code B-Tree Match
Micromax X505,http://www.infibeam.com/Mobiles/i-Micromax-X505-Psych-Touchscreen-Phone/P-E-M-Micromax-X505.html,Micromax Psych X505,M0140,Match,Code B-Tree Match
Micromax X55 Blade,http://www.infibeam.com/Mobiles/i-Dual-Sim-Micromax-X55/P-E-M-Micromax-X55-Blade.html,Micromax Blade X55,M0141,Match,Code B-Tree Match
Micromax X560 Qube,http://www.infibeam.com/Mobiles/i-Micromax-X560-Qube-Smartphone/P-E-M-Micromax-X560-Qube.html,Micromax X560,M0142,Match,Code B-Tree Match
Micromax X600,http://www.infibeam.com/Mobiles/i-Micromax-X600-Dual-Sim/P-E-M-Micromax-X600.html,Micromax X600,M0143,Match,Code B-Tree Match
Micromax X78,http://www.infibeam.com/Mobiles/i-Micromax-Dual-Sim-X78/P-E-M-Micromax-X78.html,Micromax X78,M0144,Match,Code B-Tree Match
Motorola Brea EX119 - Dual Sim,http://www.infibeam.com/Mobiles/i-Motorola-Brea-EX119-Mobile-Phone/P-E-M-Motorola-Brea-EX119.html,,,No Match
Motorola EX115,http://www.infibeam.com/Mobiles/i-Motorola-EX115-Dual-SIM-Phone/P-E-M-Motorola-EX115.html,Motorola Starling EX115,M0146,Match,Code B-Tree Match
Motorola EX128,http://www.infibeam.com/Mobiles/i-Motorola-EX128-Dual-SIM-Mobile/P-E-M-Motorola-EX128.html,Motorola Kingfisher EX128,M0147,Match,Code B-Tree Match
Motorola Erin EX109,http://www.infibeam.com/Mobiles/i-Motorola-Erin-EX109-Dual-SIM/P-E-M-Motorola-Erin-EX109.html,Motorola EX109,M0148,Match,Code B-Tree Match
Motorola Moto WX260,http://www.infibeam.com/Mobiles/i-Motorola-Moto-WX260/P-E-M-Motorola-MOTO-WX260.html,Motorola WX260,M0149,Match,Code B-Tree Match
Motorola Moto WX290,http://www.infibeam.com/Mobiles/i-Motorola-Moto-WX290/P-E-M-Motorola-MOTO-WX290.html,Motorola WX290,M0150,Match,Code B-Tree Match
Motorola Quartz EX212,http://www.infibeam.com/Mobiles/i-Motorola-Quartz-EX212-Dual-SIM/P-E-M-Motorola-Quartz-EX212.html,Motorola EX212,M0151,Match,Code B-Tree Match
Motorola RAZR XT910,http://www.infibeam.com/Mobiles/i-Motorola-RAZR-XT910-Android-SmartPhone/P-E-M-Motorola-RAZR-XT910.html,Motorola RAZR XT910,M0152,Match,Code B-Tree Match
Motorola WX181,http://www.infibeam.com/Mobiles/i-Motorola-MOTOYUVA-WX181-Radio-Phone/P-E-M-Motorola-WX181.html,Motorola WX181,M0153,Match,Code B-Tree Match
Nokia 100,http://www.infibeam.com/Mobiles/i-Nokia-100-GSM-Mobile-Phone/P-E-M-Nokia-100.html,Nokia 100,M0154,Match,Code B-Tree Match
Nokia 101,http://www.infibeam.com/Mobiles/i-Nokia-101-GSM-Mobile-Phone/P-E-M-Nokia-101.html,Nokia 101,M0155,Match,Code B-Tree Match
Nokia 1280,http://www.infibeam.com/Mobiles/i-Nokia-1280/P-E-M-Nokia-1280.html,Nokia 1280,M0156,Match,Code B-Tree Match
Nokia 1508,http://www.infibeam.com/Mobiles/i-Nokia-1508i-Mobile-Phone/P-E-M-Nokia-1508.html,Nokia 1508,M0157,Match,Code B-Tree Match
Nokia 1616,http://www.infibeam.com/Mobiles/i-Nokia-1616/P-E-M-Nokia-1616.html,Nokia 1616,M0158,Match,Code B-Tree Match
Nokia 2700 Classic,http://www.infibeam.com/Mobiles/i-Nokia-2700-Classic/P-E-M-Nokia-2700-Classic.html,Nokia 2700 Classic,M0159,Match,Code B-Tree Match
Nokia 2730 Classic,http://www.infibeam.com/Mobiles/i-Nokia-2730-Classic/P-E-M-Nokia-2730-Classic.html,Nokia 2730 Classic,M0160,Match,Code B-Tree Match
Nokia 500,http://www.infibeam.com/Mobiles/i-Nokia-500-TouchScreen-3G-SmartPhone/P-E-M-Nokia-500.html,Nokia 500,M0161,Match,Code B-Tree Match
Nokia 5233,http://www.infibeam.com/Mobiles/i-Nokia-5233-Touch-Screen-SmartPhone/P-E-M-Nokia-5233.html,Nokia 5233,M0162,Match,Code B-Tree Match
Nokia 700,http://www.infibeam.com/Mobiles/i-Nokia-700-3G-TouchScreen-Smartphone/P-E-M-Nokia-700.html,Nokia 700,M0163,Match,Code B-Tree Match
Nokia 701,http://www.infibeam.com/Mobiles/i-Nokia-701-Symbian-Belle-Smartphone/P-E-M-Nokia-701.html,Nokia 701,M0164,Match,Code B-Tree Match
Nokia 7020 ( 1 Year Manufacturer Warranty ),http://www.infibeam.com/Mobiles/i-Nokia-7020-Fold/P-E-M-Nokia-7020.html,,,No Match
Nokia 7230,http://www.infibeam.com/Mobiles/i-Nokia-7230-Slide/P-E-M-Nokia-7230.html,Nokia 7230,M0166,Match,Code B-Tree Match
Nokia Asha 200,http://www.infibeam.com/Mobiles/i-Nokia-Asha-200-Smartphone/P-E-M-Nokia-Asha-200.html,Nokia Asha 200,M0167,Match,Code B-Tree Match
Nokia Asha 300,http://www.infibeam.com/Mobiles/i-Nokia-Asha-300-Touchscreen-Mobile/P-E-M-Nokia-Asha-300.html,Nokia Asha 300,M0168,Match,Code B-Tree Match
Nokia C1-01,http://www.infibeam.com/Mobiles/i-Nokia-C1-01/P-E-M-Nokia-C1-01.html,Nokia C1-01,M0169,Match,Code B-Tree Match
Nokia C1-02,http://www.infibeam.com/Mobiles/i-Nokia-C1-02/P-E-M-Nokia-C1-02.html,Nokia C1-02,M0170,Match,Code B-Tree Match
Nokia C2-00,http://www.infibeam.com/Mobiles/i-Nokia-C2-00-Dual-SIM/P-E-M-Nokia-C2-00.html,Nokia C2-00,M0171,Match,Code B-Tree Match
Nokia C2-01,http://www.infibeam.com/Mobiles/i-Nokia-C2-01-3G-Mobile/P-E-M-Nokia-C2-01.html,Nokia C2-01,M0172,Match,Code B-Tree Match
Nokia C2-02,http://www.infibeam.com/Mobiles/i-Nokia-C2-02-Touch-Screen/P-E-M-Nokia-C2-02.html,Nokia C2-02 Touch and Type,M0173,Match,Code B-Tree Match
Nokia C2-03,http://www.infibeam.com/Mobiles/i-Nokia-C2-03-Dual-SIM/P-E-M-Nokia-C2-03.html,Nokia C2-03 Touch and Type,M0174,Match,Code B-Tree Match
Nokia C2-06,http://www.infibeam.com/Mobiles/i-Nokia-C2-06-Mobile-Phone/P-E-M-Nokia-C2-06.html,Nokia C2-06,M0175,Match,Code B-Tree Match
Nokia C5-03,http://www.infibeam.com/Mobiles/i-Nokia-C5-03-Touchscreen-Smartphone/P-E-M-Nokia-C5-03.html,Nokia C5-03,M0176,Match,Code B-Tree Match
Nokia C5-05,http://www.infibeam.com/Mobiles/i-Nokia-C5-05-Smartphone/P-E-M-Nokia-C5-05.html,Nokia C5-05,M0177,Match,Code B-Tree Match
Nokia C6-01,http://www.infibeam.com/Mobiles/i-Nokia-C6-01/P-E-M-Nokia-C6-01.html,Nokia C6-01,M0178,Match,Code B-Tree Match
Nokia E5,http://www.infibeam.com/Mobiles/i-Nokia-E5-E-Series/P-E-M-Nokia-E5.html,Nokia E5,M0179,Match,Code B-Tree Match
Nokia E6,http://www.infibeam.com/Mobiles/i-Nokia-E6-Touch-Screen-Smartphone/P-E-M-Nokia-E6.html,Nokia E6,M0180,Match,Code B-Tree Match
Nokia E63,http://www.infibeam.com/Mobiles/i-Nokia-E63-E-Series-SmartPhone/P-E-M-Nokia-E63.html,Nokia E63,M0181,Match,Code B-Tree Match
Nokia E7,http://www.infibeam.com/Mobiles/i-Nokia-E7/P-E-M-Nokia-E7.html,Nokia E7,M0182,Match,Code B-Tree Match
Nokia Lumia 710,http://www.infibeam.com/Mobiles/i-Nokia-Lumia-710-Touchscreen-Mobile/P-E-M-Nokia-Lumia-710.html,Nokia Lumia 710,M0183,Match,Code B-Tree Match
Nokia Lumia 800,http://www.infibeam.com/Mobiles/i-Nokia-Lumia-800-Touchscreen-Mobile/P-E-M-Nokia-Lumia-800.html,Nokia Lumia 800,M0184,Match,Code B-Tree Match
Nokia X1-01,http://www.infibeam.com/Mobiles/i-Nokia-X1-01-Dual-SIM/P-E-M-Nokia-X1-01.html,Nokia X1-01,M0185,Match,Code B-Tree Match
Nokia X2,http://www.infibeam.com/Mobiles/i-Nokia-X2/P-E-M-Nokia-X2.html,Nokia X2,M0186,Match,Code B-Tree Match
Nokia X2-01,http://www.infibeam.com/Mobiles/i-Nokia-X2-01-QWERTY-Smartphone/P-E-M-Nokia-X2-01.html,Nokia X2-01,M0187,Match,Code B-Tree Match
Nokia X2-02,http://www.infibeam.com/Mobiles/i-Nokia-X2-02-Dualsim-Mobile/P-E-M-Nokia-X2-02.html,Nokia X2-02,M0188,Match,Code B-Tree Match
Nokia X3-02 Touch and Type,http://www.infibeam.com/Mobiles/i-Nokia-X3-02-Touch-Type/P-E-M-Nokia-X3-02.html,Nokia X3-02 Touch and Type,M0189,Match,Code B-Tree Match
Onida F099,http://www.infibeam.com/Mobiles/i-Onida-F099-Dual-Sim-Mobile/P-E-M-Onida-F099.html,Onida F099,M0190,Match,Code B-Tree Match
Onida F970,http://www.infibeam.com/Mobiles/i-Onida-F970-3G-Dual-Camera/P-E-M-Onida-F970.html,Onida F970,M0191,Match,Code B-Tree Match
Onida G145,http://www.infibeam.com/Mobiles/i-Onida-G145-Mobile/P-E-M-Onida-G145.html,Onida G145,M0192,Match,Code B-Tree Match
Onida G590F,http://www.infibeam.com/Mobiles/i-Onida-G590F-Mobile/P-E-M-Onida-G590F.html,Onida G590F,M0193,Match,Code B-Tree Match
Onida G720,http://www.infibeam.com/Mobiles/i-Onida-G720/P-E-M-Onida-G720.html,Onida G720,M0194,Match,Code B-Tree Match
Onida G725,http://www.infibeam.com/Mobiles/i-Onida-G725-Mobile/P-E-M-Onida-G725.html,Onida G725,M0195,Match,Code B-Tree Match
Onida KYT005,http://www.infibeam.com/Mobiles/i-Onida-KYT005-Dual-Sim-Mobile/P-E-M-Onida-KYT005.html,Onida KYT005,M0196,Match,Code B-Tree Match
Onida KYT007,http://www.infibeam.com/Mobiles/i-Onida-KYT007-GSM-Mobile-Phone/P-E-M-Onida-KYT007.html,Onida KYT007,M0197,Match,Code B-Tree Match
Samsung B5722,http://www.infibeam.com/Mobiles/i-Samsung-B5722-Smartphone/P-E-M-Samsung-B5722.html,Samsung Duos B5722,M0198,Match,Code B-Tree Match
Samsung C3010,http://www.infibeam.com/Mobiles/i-Samsung-C3010/P-E-M-Samsung-C3010.html,Samsung C3010,M0199,Match,Code B-Tree Match
Samsung C3011,http://www.infibeam.com/Mobiles/i-Samsung-C3011-VGA-Camera-Mobile/P-E-M-Samsung-C3011.html,Samsung C3011,M0200,Match,Code B-Tree Match
Samsung C3312 Duos,http://www.infibeam.com/Mobiles/i-Samsung-Champ-Deluxe-Duos-C3312/P-E-M-Samsung-C3312.html,Samsung Champ Deluxe Duos C3312,M0201,Match,Code B-Tree Match
Samsung C3520,http://www.infibeam.com/Mobiles/i-Samsung-C3520-Flip-Phone/P-E-M-Samsung-C3520.html,Samsung Metro C3520,M0202,Match,Code B-Tree Match
Samsung C3752,http://www.infibeam.com/Mobiles/i-Samsung-C3752-Slider-DualSim-Mobile/P-E-M-Samsung-C3752.html,Samsung C3752,M0203,Match,Code B-Tree Match
Samsung C5212,http://www.infibeam.com/Mobiles/i-Samsung-C5212-Duos-Dual-SIM/P-E-M-Samsung-C5212.html,Samsung C5212,M0204,Match,Code B-Tree Match
Samsung C6112,http://www.infibeam.com/Mobiles/i-Samsung-C6112-Slider-Dual-SIM/P-E-M-Samsung-C6112.html,Samsung C6112,M0205,Match,Code B-Tree Match
Samsung Champ 2 C3330,http://www.infibeam.com/Mobiles/i-Samsung-Champ-2-C3330/P-E-M-Samsung-Champ-2-C3330.html,Samsung Champ 2 C3330,M0206,Match,Code B-Tree Match
Samsung Champ S3770,http://www.infibeam.com/Mobiles/i-Samsung-Champ-S3770-Smartphone/P-E-M-Samsung-Champ-S3770.html,Samsung S3770,M0207,Match,Code B-Tree Match
Samsung Champ-Mega Cam C3303I,http://www.infibeam.com/Mobiles/i-Samsung-Champ-Mega-Cam-C3303i/P-E-M-Samsung-Champ-Mega-Cam-C3303I.html,Samsung Champ-Mega Cam C3303I,M0208,Match,Code B-Tree Match
Samsung Corby Plus B3410,http://www.infibeam.com/Mobiles/i-Samsung-Corby-Plus-B3410-SmartPhone/P-E-M-Samsung-CorbyPlus-B3410.html,Samsung Corby Plus B3410,M0209,Match,Code B-Tree Match
Samsung Corby S3653,http://www.infibeam.com/Mobiles/i-Samsung-Corby-S3653-Touch-Screen/P-E-M-Samsung-CorbyS3653.html,Samsung Corby S3653,M0210,Match,Code B-Tree Match
Samsung Corby TXT B3210,http://www.infibeam.com/Mobiles/i-Samsung-Corby-TXT-B3210-SmartPhone/P-E-M-Samsung-CorbyTXT-B3210.html,Samsung Corby TXT B3210,M0211,Match,Code B-Tree Match
Samsung E1100 Guru,http://www.infibeam.com/Mobiles/i-Samsung-E1100-Guru/P-E-M-Samsung-GuruE1100.html,Samsung Guru E1100,M0212,Match,Code B-Tree Match
Samsung E2152,http://www.infibeam.com/Mobiles/i-Samsung-E2152-Dual-SIM-Mobile/P-E-M-Samsung-E2152.html,Samsung Guru E2152,M0416,Match,Code B-Tree Match
Samsung Galaxy 3 I5801,http://www.infibeam.com/Mobiles/i-Samsung-I5801-Galaxy3-Android-Smartphone/P-E-M-Samsung-I5801.html,Samsung Galaxy 3 I5801,M0214,Match,Code B-Tree Match
Samsung Galaxy 5 I5503,http://www.infibeam.com/Mobiles/i-Samsung-Galaxy-5-I5503-Android/P-E-M-Samsung-I5503.html,Samsung Galaxy 5 I5503,M0215,Match,Code B-Tree Match
Samsung Galaxy Fit S5670,http://www.infibeam.com/Mobiles/i-Samsung-Galaxy-Fit-S5670-Android/P-E-M-Samsung-Galaxy-Fit-S5670.html,Samsung Galaxy Fit S5670,M0216,Match,Code B-Tree Match
Samsung Galaxy Pop S5570,http://www.infibeam.com/Mobiles/i-Samsung-Galaxy-Pop-S5570-Android/P-E-M-Samsung-GalaxyPopS5570.html,Samsung Galaxy Pop S5570,M0217,Match,Code B-Tree Match
Samsung Galaxy Pro B7510,http://www.infibeam.com/Mobiles/i-Samsung-Galaxy-Pro-B7510-Android/P-E-M-Samsung-Galaxy-Pro-B7510.html,Samsung Galaxy Pro B7510,M0218,Match,Code B-Tree Match
Samsung Galaxy R I9103,http://www.infibeam.com/Mobiles/i-Samsung-Galaxy-R-Android-Smartphone/P-E-M-Samsung-Galaxy-R-I9103.html,Samsung Galaxy R I9103,M0219,Match,Code B-Tree Match
Samsung Galaxy S LCD I9003,http://www.infibeam.com/Mobiles/i-Samsung-Galaxy-S-LCD-I9003/P-E-M-Samsung-Galaxy-S-LCD-I9003.html,Samsung Galaxy S LCD I9003,M0220,Match,Code B-Tree Match
Samsung Galaxy Tab P1000 + Leather cover,http://www.infibeam.com/Mobiles/i-Samsung-P1000-Galaxy-Tab-Smartphone/P-E-M-Samsung-Galaxy-Tab-P1000.html,,,No Match
Samsung Galaxy Y S5360,http://www.infibeam.com/Mobiles/i-Samsung-Galaxy-Y-S5360-Smartphone/P-E-M-Samsung-Galaxy-Y-S5360.html,Samsung Galaxy Y S5360,M0222,Match,Code B-Tree Match
Samsung Guru B559,http://www.infibeam.com/Mobiles/i-Samsung-Guru-B559-Mobile-Phone/P-E-M-Samsung-Guru-B559.html,Samsung B559,M0406,Match,Code B-Tree Match
Samsung Guru Muzik B519,http://www.infibeam.com/Mobiles/i-Samsung-Guru-Muzik-SCH-B519/P-E-M-Samsung-Guru-Muzik-B519.html,Samsung Guru Muzik B519,M0224,Match,Code B-Tree Match
Samsung Hero E2230,http://www.infibeam.com/Mobiles/i-Samsung-Hero-E2230/P-E-M-Samsung-E2230.html,Samsung Hero E2230,M0225,Match,Code B-Tree Match
Samsung Hero E2232,http://www.infibeam.com/Mobiles/i-Samsung-Hero-E2232-Dual-SIM/P-E-M-Samsung-E2232.html,Samsung Hero E2232,M0226,Match,Code B-Tree Match
Samsung Hero E3210,http://www.infibeam.com/Mobiles/i-Samsung-Hero-E3210-3G-Mobile/P-E-M-Samsung-E3210.html,Samsung E3210,M0227,Match,Code B-Tree Match
Samsung Hero E3213,http://www.infibeam.com/Mobiles/i-Samsung-Hero-E3213-3G-Mobile/P-E-M-Samsung-E3213.html,Samsung Hero E3213,M0228,Match,Code B-Tree Match
Samsung MPOWER TXT M369,http://www.infibeam.com/Mobiles/i-Samsung-Mpower-TXT-M369-Mobile/P-E-M-Samsung-MPOWER-TXT-M369.html,Samsung MPOWER TXT M369,M0229,Match,Code B-Tree Match
Samsung Metro C3560,http://www.infibeam.com/Mobiles/i-Samsung-Metro-C3560-Mobile-Phone/P-E-M-Samsung-Metro-C3560.html,Samsung Metro C3560,M0230,Match,Code B-Tree Match
Samsung Metro DUOS C3322,http://www.infibeam.com/Mobiles/i-Samsung-Metro-DUOS-C3322-Mobile/P-E-M-Samsung-Metro-DUOS-C3322.html,Samsung Metro DUOS C3322,M0231,Match,Code B-Tree Match
Samsung Omnia W I8350,http://www.infibeam.com/Mobiles/i-Samsung-Omnia-W-I8350-Mobile/P-E-M-Samsung-Omnia-W-I8350.html,Samsung Omnia W I8350,M0232,Match,Code B-Tree Match
Samsung S3600,http://www.infibeam.com/Mobiles/i-Samsung-S3600-Metro-Flip-Mobile/P-E-M-Samsung-S3600Metro.html,Samsung Metro S3600,M0233,Match,Code B-Tree Match
Samsung S5200,http://www.infibeam.com/Mobiles/i-Samsung-Metro-S5200-Slider/P-E-M-Samsung-S5200Metro.html,Samsung Metro S5200,M0234,Match,Code B-Tree Match
Samsung S5610,http://www.infibeam.com/Mobiles/i-Samsung-S5610-3G-Mobile-Phone/P-E-M-Samsung-S5610.html,Samsung Primo S5610,M0235,Match,Code B-Tree Match
Samsung S5620 Monte,http://www.infibeam.com/Mobiles/i-Samsung-S5620-Monte/P-E-M-Samsung-S5620Monte.html,Samsung Monte S5620,M0236,Match,Code B-Tree Match
Samsung Star Duos B7722,http://www.infibeam.com/Mobiles/i-Samsung-Star-Duos-B7722-Smartphone/P-E-M-Samsung-B7722-Duos.html,Samsung Star Duos B7722,M0237,Match,Code B-Tree Match
Samsung Star II S5263,http://www.infibeam.com/Mobiles/i-Samsung-Star-II-S5263-Smartphone/P-E-M-Samsung-Star-II-S5263.html,Samsung Star II S5263,M0238,Match,Code B-Tree Match
Samsung Wave II S8530,http://www.infibeam.com/Mobiles/i-Samsung-S8530-Wave-II-Smartphone/P-E-M-Samsung-Wave-II-S8530.html,Samsung Wave II S8530,M0239,Match,Code B-Tree Match
Samsung Wave III S8600,http://www.infibeam.com/Mobiles/i-Samsung-Wave-III-S8600-Java/P-E-M-Samsung-S-8600-Wave-III.html,Samsung Wave III S8600,M0240,Match,Code B-Tree Match
Samsung Wave M S7250,http://www.infibeam.com/Mobiles/i-Samsung-Wave-M-S7250-Smartphone/P-E-M-Samsung-Wave-M-S7250.html,Samsung Wave M S7250,M0241,Match,Code B-Tree Match
Samsung Wave Y S5380,http://www.infibeam.com/Mobiles/i-Samsung-Wave-Y-S5380-Smartphone/P-E-M-Samsung-Wave-Y-S5380.html,Samsung Wave Y S5380,M0242,Match,Code B-Tree Match
Sony Ericsson Xperia X10 mini Pro,http://www.infibeam.com/Mobiles/i-Sony-Ericsson-Xperia-X10-Mini/P-E-M-Sony-Ericsson-XperiaX10miniPro.html,Sony Ericsson Xperia X10,M0244,Match,Code B-Tree Match
Sony Ericsson Xperia X10 mini,http://www.infibeam.com/Mobiles/i-Sony-Ericsson-Xperia-X10-Mini/P-E-M-Sony-Ericsson-XperiaX10mini.html,Sony Ericsson Xperia X10,M0244,Match,Code B-Tree Match
Sony Ericsson Xperia X8,http://www.infibeam.com/Mobiles/i-Sony-Ericsson-Xperia-X8-Android/P-E-M-Sony-Ericsson-Xperia-X8.html,Sony Ericsson Xperia X8,M0245,Match,Code B-Tree Match
Spice D-90,http://www.infibeam.com/Mobiles/i-Spice-D-90-Dual-SIM/P-E-M-Spice-D-90.html,Spice D-90,M0246,Match,Code B-Tree Match
Spice G-6550,http://www.infibeam.com/Mobiles/i-Spice-G6550-3G-Mobile-Phone/P-E-M-Spice-G-6550.html,Spice G-6550,M0247,Match,Code B-Tree Match
Spice M-4250,http://www.infibeam.com/Mobiles/i-Spice-M-4250-Dual-SIM/P-E-M-Spice-M-4250.html,Spice M-4250,M0248,Match,Code B-Tree Match
Spice M-5056,http://www.infibeam.com/Mobiles/i-Spice-M5056-Dual-Sim-Mobile/P-E-M-Spice-M-5056.html,Spice M-5056,M0249,Match,Code B-Tree Match
Spice M-5100,http://www.infibeam.com/Mobiles/i-Spice-M-5100-Dual-SIM/P-E-M-Spice-M-5100.html,Spice M-5100,M0250,Match,Code B-Tree Match
Spice M-5180,http://www.infibeam.com/Mobiles/i-Spice-M-5180-Dual-SIM/P-E-M-Spice-M-5180.html,Spice M-5180,M0251,Match,Code B-Tree Match
Spice M-5262,http://www.infibeam.com/Mobiles/i-Spice-M-5262-Dual-SIM/P-E-M-Spice-M-5262.html,Spice M-5262,M0252,Match,Code B-Tree Match
Spice M-5350,http://www.infibeam.com/Mobiles/i-Spice-M-5350-Elite-Dual/P-E-M-Spice-M-5350.html,Spice M-5350,M0426,Match,Code B-Tree Match
Spice M-5445,http://www.infibeam.com/Mobiles/i-Spice-M-5445-Music-Mobile/P-E-M-Spice-M-5445.html,Spice M-5445,M0254,Match,Code B-Tree Match
Spice M-5454,http://www.infibeam.com/Mobiles/i-Spice-M-5454-Dual-SIM/P-E-M-Spice-M-5454.html,Spice M-5454,M0255,Match,Code B-Tree Match
Spice M-5570,http://www.infibeam.com/Mobiles/i-Spice-M-5570-Mobile-Phone/P-E-M-Spice-M-5570.html,Spice M-5570,M0256,Match,Code B-Tree Match
Spice M-5700 Flo,http://www.infibeam.com/Mobiles/i-Spice-M-5700-Flo-Social/P-E-M-Spice-M-5700Flo.html,Spice Flo M-5700,M0257,Match,Code B-Tree Match
Spice M-6 Sports,http://www.infibeam.com/Mobiles/i-Spice-M6-Sports-Dual-SIM/P-E-M-Spice-M-6-Sports.html,Spice Sports M-6,M0258,Match,Code B-Tree Match
Spice M-6200,http://www.infibeam.com/Mobiles/i-Spice-M6200-Dual-Sim-Mobile/P-E-M-Spice-M-6200.html,Spice M-6200,M0259,Match,Code B-Tree Match
Spice M-6350,http://www.infibeam.com/Mobiles/i-Spice-M6350-Dual-Sim-Phone/P-E-M-Spice-M-6350.html,Spice M-6350,M0260,Match,Code B-Tree Match
Spice M-6400,http://www.infibeam.com/Mobiles/i-Spice-M-6400-Dual-SIM/P-E-M-Spice-M-6400.html,Spice M-6400,M0261,Match,Code B-Tree Match
Spice M-6450 Metal,http://www.infibeam.com/Mobiles/i-Spice-M6450-Metal-Dual-Sim/P-E-M-Spice-M-6450-Metal.html,Spice M-6450,M0262,Match,Code B-Tree Match
Spice M-6460,http://www.infibeam.com/Mobiles/i-Spice-M6460-Dual-Sim-Mobile/P-E-M-Spice-M-6460.html,Spice M-6460,M0263,Match,Code B-Tree Match
Spice M-6900 Knight,http://www.infibeam.com/Mobiles/i-Spice-M6900-Knight-Dual-SIM/P-E-M-Spice-M-6900-Knight.html,Spice M-6900,M0264,Match,Code B-Tree Match
Spice MI-280,http://www.infibeam.com/Mobiles/i-Spice-MI-280-Dual-SIM/P-E-M-Spice-MI-280.html,Spice MI-280,M0265,Match,Code B-Tree Match
Spice Mi-270,http://www.infibeam.com/Mobiles/i-Spice-Mi270-Touchscreen-Android-Mobile/P-E-M-Spice-Mi-270.html,Spice Mi-270,M0266,Match,Code B-Tree Match
Spice Mi-310,http://www.infibeam.com/Mobiles/i-Spice-Mi-310-Android-Smartphone/P-E-M-Spice-Mi-310.html,Spice Mi-310,M0267,Match,Code B-Tree Match
Spice Popkorn M-9000 Projector,http://www.infibeam.com/Mobiles/i-Spice-M9000-Popkorn-Projector-Mobile/P-E-M-Spice-Popkorn-M-9000.html,Spice Popkorn M-9000,M0268,Match,Code B-Tree Match
Videocon Qruz3 V1435,http://www.infibeam.com/Mobiles/i-Videocon-Qruz-3-V1435-Mobile/P-E-M-Videocon-V1435.html,Videocon Qruz3 V1435,M0269,Match,Code B-Tree Match
Videocon V1307 (Black),http://www.infibeam.com/Mobiles/i-Videocon-V1307-Dual-Sim-Phone/P-E-M-Videocon-V1307.html,Videocon V1307,M0270,Match,Code B-Tree Match
Videocon V1402,http://www.infibeam.com/Mobiles/i-Videocon-V1402-Dual-SIM/P-E-M-Videocon-V1402.html,Videocon V1402,M0271,Match,Code B-Tree Match
Videocon V1410,http://www.infibeam.com/Mobiles/i-Videocon-V1410-Dual-SIM-Mobile/P-E-M-Videocon-V1410.html,Videocon V1410,M0272,Match,Code B-Tree Match
Videocon V1412,http://www.infibeam.com/Mobiles/i-Videocon-V1412-Dual-SIM-Mobile/P-E-M-Videocon-V1412.html,Videocon V1412,M0273,Match,Code B-Tree Match
Videocon V1414 (Black),http://www.infibeam.com/Mobiles/i-Videocon-V1414-Dual-Sim/P-E-M-Videocon-V1414.html,Videocon V1414,M0274,Match,Code B-Tree Match
Videocon V1436,http://www.infibeam.com/Mobiles/i-Videocon-V1436-GSM-Mobile-Phone/P-E-M-Videocon-V1436.html,Videocon V1436,M0275,Match,Code B-Tree Match
Videocon V1440,http://www.infibeam.com/Mobiles/i-Videocon-V1440-Dual-Sim-Phone/P-E-M-Videocon-V1440.html,Videocon V1440,M0276,Match,Code B-Tree Match
Videocon V1448 (Black),http://www.infibeam.com/Mobiles/i-Videocon-V1448-Dual-Sim/P-E-M-Videocon-V1448.html,Videocon V1448,M0277,Match,Code B-Tree Match
Videocon V1450,http://www.infibeam.com/Mobiles/i-Videocon-V1450-Dual-SIM-Mobile/P-E-M-Videocon-V1450.html,Videocon V1450,M0278,Match,Code B-Tree Match
Videocon V1456 (Black),http://www.infibeam.com/Mobiles/i-Videocon-V1456-Dual-Sim/P-E-M-Videocon-V1456.html,Videocon V1456,M0279,Match,Code B-Tree Match
Videocon V1476,http://www.infibeam.com/Mobiles/i-Videocon-V1476-Dual-Sim-Mobile/P-E-M-Videocon-V1476.html,Videocon V1476,M0280,Match,Code B-Tree Match
Videocon V1530,http://www.infibeam.com/Mobiles/i-Videocon-V1530-Dual-SIM-Phone/P-E-M-Videocon-V1530.html,Videocon V1530,M0281,Match,Code B-Tree Match
Videocon V1531 (Black),http://www.infibeam.com/Mobiles/i-Videocon-V1531-Dual-Sim-Bar/P-E-M-Videocon-V1531.html,Videocon V1531,M0282,Match,Code B-Tree Match
Videocon V1533 (Black),http://www.infibeam.com/Mobiles/i-Videocon-V1533-Dual-Sim/P-E-M-Videocon-V1533.html,Videocon V1533,M0283,Match,Code B-Tree Match
Videocon V1540 (Black),http://www.infibeam.com/Mobiles/i-Videocon-V1540-Dual-Sim-Phone/P-E-M-Videocon-V1540.html,Videocon V1540,M0387,Match,Code B-Tree Match
Videocon V1606 (Black),http://www.infibeam.com/Mobiles/i-Videocon-V1606-GSM-Dual-Sim/P-E-M-Videocon-V1606.html,Videocon V1606,M0285,Match,Code B-Tree Match
Videocon V1611,http://www.infibeam.com/Mobiles/i-Videocon-V1611-Dual-Sim-Phone/P-E-M-Videocon-V1611.html,Videocon V1611,M0286,Match,Code B-Tree Match
Videocon V1688,http://www.infibeam.com/Mobiles/i-Videocon-V1688-Qwerty-Dual-SIM/P-E-M-Videocon-V1688.html,Videocon V1688,M0287,Match,Code B-Tree Match
Videocon V1705,http://www.infibeam.com/Mobiles/i-Videocon-V1705-Dual-SIM-Mobile/P-E-M-Videocon-V1705.html,Videocon V1705,M0288,Match,Code B-Tree Match
Videocon V1755,http://www.infibeam.com/Mobiles/i-Videocon-V1755-Touchscreen-Android/P-E-M-Videocon-V1755.html,Videocon V1755,M0289,Match,Code B-Tree Match
Videocon V1760,http://www.infibeam.com/Mobiles/i-Videocon-V1760-TouchScreen-Mobile-Phone/P-E-M-Videocon-V1760.html,Videocon V1760,M0290,Match,Code B-Tree Match
Videocon V202,http://www.infibeam.com/Mobiles/i-Videocon-V202-Mobile/P-E-M-Videocon-V202.html,Videocon V202,M0291,Match,Code B-Tree Match
Videocon V7400,http://www.infibeam.com/Mobiles/i-Videocon-V7400-Android-Smartphone/P-E-M-Videocon-V7400.html,Videocon V7400,M0292,Match,Code B-Tree Match
Vodafone 858 Smart U8160,http://www.infibeam.com/Mobiles/i-Vodafone-Android-858-Smart-U8160/P-E-M-Vodafone-U8160.html,Vodafone 858 Smart U8160,M0293,Match,Code B-Tree Match
Wynncom Y10,http://www.infibeam.com/Mobiles/i-Wynncom-Y10-Dual-Sim/P-E-M-Wynncom-Y10.html,Wynncom Y10,M0294,Match,Code B-Tree Match
Wynncom Y30,http://www.infibeam.com/Mobiles/i-Wynncom-Y30-Dual-Sim-Mobile/P-E-M-Wynncom-Y30.html,Wynncom Y30,M0295,Match,Code B-Tree Match
Wynncom Y50,http://www.infibeam.com/Mobiles/i-Wynncom-Y50-Dual-Sim/P-E-M-Wynncom-Y50.html,Wynncom Y50,M0296,Match,Code B-Tree Match
Zen X410,http://www.infibeam.com/Mobiles/i-Zen-X410-Dual-Sim-Mobile/P-E-M-Zen-X410.html,Zen X410,M0297,Match,Code B-Tree Match
iBall Aura V36,http://www.infibeam.com/Mobiles/i-iBall-Aura-V36-Mobile-Phone/P-E-M-iBall-Aura-V36.html,iBall Aura V36,M0298,Match,Code B-Tree Match
Intex IN 4470N+,http://www.infibeam.com/Mobiles/i-Intex-IN-4470N-Mobile-Phone/P-E-M-Intex-IN4470N.html,,,No Match
iBall Aspire QE-45,http://www.infibeam.com/Mobiles/i-iBall-Aspire-QE45-Dual-SIM/P-E-M-iBall-Aspire-QE-45.html,iBall Aspire QE45,M0300,Match,Code B-Tree Match
Micromax Q55 Bling-Black (Limited IIFA Edition),http://www.infibeam.com/Mobiles/i-Micromax-Q55-Bling-Slider-DualSim/P-E-M-Micromax-Q55Bling-Black.html,Micromax Q55 Bling (Limited IIFA Edition),M0301,Match,Code B-Tree Match
Alcatel OT 517D,http://www.infibeam.com/Mobiles/i-Alcatel-OT-517D-Dual-SIM/P-E-M-Alcatel-OT-517D.html,Alcatel OT 517 D,M0302,Match,Code B-Tree Match
Lemon Duo 216,http://www.infibeam.com/Mobiles/i-Lemon-Duo-216-Dual-SIM/P-E-M-Lemon-Duo216.html,,,No Match
Samsung Mpower Muzik F219,http://www.infibeam.com/Mobiles/i-Samsung-Mpower-Muzik-SCH-F219/P-E-M-Samsung-Mpower-Muzik-F219.html,Samsung Mpower Muzic F219,M0304,Match,Code B-Tree Match
iBall Shann S306,http://www.infibeam.com/Mobiles/i-iball-Shann-S306-Dual-SIM/P-E-M-iBall-S306.html,iBall Shaan S-306,M0305,Match,Code B-Tree Match
Samsung Corby Pro B5310,http://www.infibeam.com/Mobiles/i-Samsung-Corby-Pro-B5310-SmartPhone/P-E-M-Samsung-CorbyPro-B5310.html,Samsung CorbyPRO B5310,M0306,Match,Code B-Tree Match
Spice G6500,http://www.infibeam.com/Mobiles/i-Spice-G6500/P-E-M-Spice-G6500.html,Spice G-6500,M0307,Match,Code B-Tree Match
Spice M5370,http://www.infibeam.com/Mobiles/i-Spice-M5370-Dual-SIM-Phone/P-E-M-Spice-M5370.html,Spice M-5370,M0308,Match,Code B-Tree Match
Spice M6700,http://www.infibeam.com/Mobiles/i-Spice-M6700-Touch-Screen-Mobile/P-E-M-Spice-M6700.html,Spice M-6700,M0309,Match,Code B-Tree Match
Spice QT44 ( 1 Year Manufacturer Warranty ),http://www.infibeam.com/Mobiles/i-Spice-QT-44-Dual-Sim/P-E-M-Spice-QT44.html,,,No Match
Spice QT52,http://www.infibeam.com/Mobiles/i-Spice-QT52-Dual-Sim/P-E-M-Spice-QT52.html,Spice QT-52,M0311,Match,Code B-Tree Match
Spice QT56,http://www.infibeam.com/Mobiles/i-Spice-QT56-DualSim-CDMA-GSM/P-E-M-Spice-QT56.html,Spice QT-56,M0312,Match,Code B-Tree Match
LG Optimus P698 Net Dual(Titanium),http://www.infibeam.com/Mobiles/i-LG-Optimus-Dual-Sim-Android/P-E-M-LG-P698.html,LG Optimus Net Dual Sim P698,M0313,Match,Code B-Tree Match
Lava KKT 34 Plus,http://www.infibeam.com/Mobiles/i-Lava-KKT-34-Plus-Dual/P-E-M-Lava-KKT34Plus.html,,,No Match
Karbonn K210,http://www.infibeam.com/Mobiles/i-Karbonn-K210-Dual-Sim-Mobile/P-E-M-Karbonn-K210.html,Karbonn K 210,M0315,Match,Code B-Tree Match
Karbonn K220,http://www.infibeam.com/Mobiles/i-Karbonn-K220-Dual-Sim-Phone/P-E-M-Karbonn-K220.html,Karbonn K 220,M0316,Match,Code B-Tree Match
Karbonn K325,http://www.infibeam.com/Mobiles/i-Karbonn-K325-Dual-SIM-Mobile/P-E-M-Karbonn-K325.html,Karbonn K 325,M0317,Match,Code B-Tree Match
Karbonn K334,http://www.infibeam.com/Mobiles/i-Karbonn-K334-Dual-Sim-Mobile/P-E-M-Karbonn-K334.html,Karbonn K 334,M0318,Match,Code B-Tree Match
Karbonn K570,http://www.infibeam.com/Mobiles/i-Karbonn-K570-Dual-Sim/P-E-M-Karbonn-K570.html,Karbonn K 570,M0319,Match,Code B-Tree Match
Samsung-Star S5233,http://www.infibeam.com/Mobiles/i-Samsung-Star-S5233-SmartPhone/P-E-M-Samsung-S5233-Star.html,Samsung Star S5233,M0427,Match,Code B-Tree Match
Onida F930-3G,http://www.infibeam.com/Mobiles/i-Onida-F930-3G-Mobile/P-E-M-Onida-F930-3G.html,Onida F930 3G,M0321,Match,Code B-Tree Match
Onida G721-3G,http://www.infibeam.com/Mobiles/i-Onida-G721-Dual-Sim-Mobile/P-E-M-Onida-G721-3G.html,Onida G721 3G,M0322,Match,Code B-Tree Match
LG- GM200,http://www.infibeam.com/Mobiles/i-LG-GM200/P-E-M-LG-GM200.html,LG Brio GM200,M0323,Match,Code B-Tree Match
Samsung Chat 527,http://www.infibeam.com/Mobiles/i-Samsung-Champ-Chat-527-3G/P-E-M-Samsung-Champ-Chat-527.html,Samsung Ch@t 527,M0324,Match,Code B-Tree Match
Lava ARC21,http://www.infibeam.com/Mobiles/i-Lava-ARC21-Dual-Sim-Mobile/P-E-M-Lava-ARC21.html,,,No Match
Lava KKT28,http://www.infibeam.com/Mobiles/i-Lava-KKT28-Dual-Sim-Phone/P-E-M-Lava-KKT28.html,,,No Match
Lava KKT35,http://www.infibeam.com/Mobiles/i-Lava-KKT35-Dual-SIM-Phone/P-E-M-Lava-KKT35.html,,,No Match
Lava KKT39,http://www.infibeam.com/Mobiles/i-Lava-KKT39-Dual-Sim-Mobile/P-E-M-Lava-KKT39.html,,,No Match
Lava KKT40,http://www.infibeam.com/Mobiles/i-Lava-KKT40-Dual-Sim-Phone/P-E-M-Lava-KKT40.html,,,No Match
Lava KKT50,http://www.infibeam.com/Mobiles/i-Lava-KKT50-Dual-Sim-Mobile/P-E-M-Lava-KKT50.html,,,No Match
Spice C5060,http://www.infibeam.com/Mobiles/i-Spice-C5060-CDMA/P-E-M-Spice-C5060.html,Spice C-5060,M0331,Match,Code B-Tree Match
Spice M4262,http://www.infibeam.com/Mobiles/i-Spice-M4262-Dual-SIM-Mobile/P-E-M-Spice-M4262.html,Spice M-4262,M0332,Match,Code B-Tree Match
Spice M5115,http://www.infibeam.com/Mobiles/i-Spice-M5115-Dual-SIM-Phone/P-E-M-Spice-M5115.html,Spice M-5115,M0333,Match,Code B-Tree Match
Samsung Mpower TV S239,http://www.infibeam.com/Mobiles/i-Samsung-Mpower-TV-S239-Mobile/P-E-M-Samsung-Mpower-TV-S239.html,Samsung mPower TV S239,M0334,Match,Code B-Tree Match
iBall Shaan S09,http://www.infibeam.com/Mobiles/i-iBall-Shann-S09-Mobile-Phone/P-E-M-iBall-S09.html,IBall Shaan S-09,M0335,Match,Code B-Tree Match
Karbonn A1,http://www.infibeam.com/Mobiles/i-Karbonn-A1-Touchscreen-Android-Mobile/P-E-M-Karbonn-A1.html,Karbonn A 1,M0336,Match,Code B-Tree Match
Karbonn K1010,http://www.infibeam.com/Mobiles/i-Karbonn-K1010-TouchScreen-Dual-SIM/P-E-M-Karbonn-K1010.html,Karbonn K 1010,M0337,Match,Code B-Tree Match
Karbonn K1515,http://www.infibeam.com/Mobiles/i-Karbonn-K1515-TouchScreen-Dual-Sim/P-E-M-Karbonn-K1515.html,Karbonn K 1515,M0338,Match,Code B-Tree Match
Karbonn K1616,http://www.infibeam.com/Mobiles/i-Karbonn-K1616-TouchScreen-Mobile-Phone/P-E-M-Karbonn-K1616.html,Karbonn Magic K 1616,M0339,Match,Code B-Tree Match
Karbonn K9,http://www.infibeam.com/Mobiles/i-Karbonn-K9-Dual-Sim-Phone/P-E-M-Karbonn-K9.html,Karbonn K 9,M0340,Match,Code B-Tree Match
Apple iPhone 3GS-8GB Unlock,http://www.infibeam.com/Mobiles/i-Apple-iPhone-3Gs-Smartphone/P-E-M-Apple-iPhone-3GS-Unlock.html,Apple iPhone 3GS 8GB (Airtel lock),M0341,Match,Code B-Tree Match
Alcatel OT 808,http://www.infibeam.com/Mobiles/i-Alcatel-OT-808-Smartphone/P-E-M-Alcatel-OT808.html,,,No Match
Karbonn KC555,http://www.infibeam.com/Mobiles/i-Karbonn-KC555-Dual-SIM/P-E-M-Karbonn-KC555.html,,,No Match
Lava M20,http://www.infibeam.com/Mobiles/i-Lava-M20-Dual-SIM-Mobile/P-E-M-Lava-M20.html,Lava M 20,M0344,Match,Code B-Tree Match
LG GD580 (Cookie Flip),http://www.infibeam.com/Mobiles/i-LG-Cookie-Flip-GD580/P-E-M-LG-GD580CookieFlip.html,LG Lollipop GD580,M0345,Match,Code B-Tree Match
Samsung C3200 Monte Bar,http://www.infibeam.com/Mobiles/i-Samsung-C3200-Monte-Bar-Slider/P-E-M-Samsung-C3200.html,Samsung Metro C3200,M0346,Match,Code B-Tree Match
Spice AURA (QT-64),http://www.infibeam.com/Mobiles/i-Spice-Blueberry-Aura-QT64/P-E-M-Spice-AURAQT-64.html,Spice Blueberry Aura QT-64,M0347,Match,Code B-Tree Match
VOX-VPS-309,http://www.infibeam.com/Mobiles/i-VOX-VPS-309-Touch-Screen/P-E-M-VOX-VPS-309.html,,,No Match
VOX- VES-105,http://www.infibeam.com/Mobiles/i-VOX-VES-105-Dual-Sim/P-E-M-VOX-VES-105.html,Vox VES105,M0429,Match,Code B-Tree Match
Sony-Ericsson W8 Walkman Phone,http://www.infibeam.com/Mobiles/i-Sony-Ericsson-W8-Android-Smartphone/P-E-M-Sony-Ericsson-W8-Walkman-Phone.html,,,No Match
Sony-Ericsson W8 Walkman Phone,http://www.infibeam.com/Mobiles/i-Sony-Ericsson-W8-Android-Smartphone/P-E-M-Sony-Ericsson-W8-Walkman-Phone-Combo.html,,,No Match
Intex IN 4570 Xplode,http://www.infibeam.com/Mobiles/i-Intex-IN-4570-Xplode-Dualsim/P-E-M-Intex-IN-4570-Xplode.html,,,No Match
Fujezone A200 Android Mobile,http://www.infibeam.com/Mobiles/i-Fujezone-A200-Android-Smartphone/P-E-M-Fujezone-A200.html,,,No Match
Samsung Guru E1081T,http://www.infibeam.com/Mobiles/i-Samsung-Guru-E1081T-Mobile-Phone/P-E-M-Samsung-E1081T.html,,,No Match
Samsung C3303K,http://www.infibeam.com/Mobiles/i-Samsung-Champ-C3303K-Touchscreen-Phone/P-E-M-Samsung-C3303K.html,,,No Match
Samsung Metro 5200,http://www.infibeam.com/Mobiles/i-Samsung-Metro-5200-Slider/P-E-M-Samsung-Metro5200.html,,,No Match
Onida Full Touch Mobile F101,http://www.infibeam.com/Mobiles/i-Onida-F101-Dual-Sim-Mobile/P-E-M-Onida-F101.html,,,No Match
Intex IN 4070 Shine,http://www.infibeam.com/Mobiles/i-Intex-Shine-Dual-Sim-Mobile/P-E-M-Intex-IN-4070-Shine.html,,,No Match
VOX- VGS-507,http://www.infibeam.com/Mobiles/i-VOX-VGS-507-Dual-Sim/P-E-M-VOX-VGS-507.html,,,No Match
VOX- VGS-509,http://www.infibeam.com/Mobiles/i-VOX-VGS-509-Touch-Screen/P-E-M-VOX-VGS-509.html,,,No Match
VOX- VGS-601,http://www.infibeam.com/Mobiles/i-VOX-VGS-601-Touch-Screen/P-E-M-VOX-VGS-601.html,,,No Match
VOX- VGS-603,http://www.infibeam.com/Mobiles/i-VOX-VGS-603-Touch-Screen/P-E-M-VOX-VGS-603.html,,,No Match
VOX- VPS-303,http://www.infibeam.com/Mobiles/i-VOX-VPS-303-SmartPhone/P-E-M-VOX-VPS-303.html,,,No Match
VOX- VPS-305,http://www.infibeam.com/Mobiles/i-VOX-VPS-305-SmartPhone/P-E-M-VOX-VPS-305.html,,,No Match
IBall Planet 3G (Special Choco),http://www.infibeam.com/Mobiles/i-iBall-Planet-3G-Mobile-Phone/P-E-M-iBall-Planet-3G.html,,,No Match
Karbonn K 550i,http://www.infibeam.com/Mobiles/i-Karbonn-K550i-Dual-SIM-Mobile/P-E-M-Karbonn-K550i.html,,,No Match
Samsung E1160,http://www.infibeam.com/Mobiles/i-Samsung-E1160/P-E-M-Samsung-E1160.html,,,No Match
Samsung E1225,http://www.infibeam.com/Mobiles/i-Samsung-E1225-Dual-Sim-Shift/P-E-M-Samsung-E1225.html,,,No Match
Samsung Galaxy Y Color Plus S5360,http://www.infibeam.com/Mobiles/i-Samsung-Galaxy-Y-Plus-S5360/P-E-M-Samsung-Galaxy-Y-Color-Plus-S5360.html,Samsung Galaxy Y S5360,M0222,Match,Code B-Tree Match
Samsung I9000 Galaxy S,http://www.infibeam.com/Mobiles/i-samsung-I9000-Galaxy-S/P-E-M-Samsung-I9000.html,,,No Match
Samsung S3310,http://www.infibeam.com/Mobiles/i-Samsung-Metro-S3310/P-E-M-Samsung-S3310-Metro.html,,,No Match
Videocon V1635 (Black),http://www.infibeam.com/Mobiles/i-Videocon-V1635-Dual-Sim/P-E-M-Videocon-V1635.html,,,No Match
Onida KYT003,http://www.infibeam.com/Mobiles/i-Onida-KYT003-Dual-SIM-Mobile/P-E-M-Onida-KYT003.html,,,No Match
LG GT350i,http://www.infibeam.com/Mobiles/i-LG-GT350i-Cookie-Glide-Smartphone/P-E-M-LG-GT350i.html,,,No Match
Samsung E1175,http://www.infibeam.com/Mobiles/i-Samsung-E1175/P-E-M-Samsung-E1175T.html,,,No Match
Samsung E1232 Hero Music (Black),http://www.infibeam.com/Mobiles/i-Samsung-E1232-Mobile-Phones/P-E-M-Samsung-E1232-Hero-Music.html,,,No Match
Alcatel OT 806D,http://www.infibeam.com/Mobiles/i-Alcatel-OT-806D-Mobile-Phone/P-E-M-Alcatel-OT-806D.html,,,No Match
Lemon DUO 409,http://www.infibeam.com/Mobiles/i-Lemon-DUO409-Dual-Sim-Mobile/P-E-M-Lemon-DUO-409.html,,,No Match
BlackBerry 9300 Curve,http://www.infibeam.com/Mobiles/i-BlackBerry-Curve-9300-3G-Smartphone/P-E-M-BlackBerry-9300-Curve.html,,,No Match
BlackBerry Bold 3 9780,http://www.infibeam.com/Mobiles/i-BlackBerry-Bold-3-9780-Smartphone/P-E-M-BlackBerry-Bold-3-9780.html,,,No Match
Karbonn K406 Boom Box,http://www.infibeam.com/Mobiles/i-Karbonn-K406-Dual-SIM-Music/P-E-M-Karbonn-K406.html,,,No Match
LG A155,http://www.infibeam.com/Mobiles/i-LG-A155-Dual-SIM-Mobile/P-E-M-LG-A155.html,,,No Match
Onida F090 Sparsh,http://www.infibeam.com/Mobiles/i-Onida-F090-Dual-Sim-Mobile/P-E-M-Onida-F090.html,,,No Match
Maxx MX245,http://www.infibeam.com/Mobiles/i-Maxx-MX245-Trance-Dualsim-Phone/P-E-M-Maxx-MX245.html,,,No Match
Samsung E1172,http://www.infibeam.com/Mobiles/i-Samsung-E1172-Dual-Sim-Phone/P-E-M-Samsung-E1172.html,,,No Match
Videocon V1293,http://www.infibeam.com/Mobiles/i-Videocon-V1293-Dual-SIM-Mobile/P-E-M-Videocon-V1293.html,,,No Match
Videocon V1545 (White),http://www.infibeam.com/Mobiles/i-Videocon-V1545-Touchscreen-Mobile/P-E-M-Videocon-V1545.html,,,No Match
Lava KKT22 Plus,http://www.infibeam.com/Mobiles/i-Lava-KKT22-Plus-Dual-SIM/P-E-M-Lava-KKT22-Plus.html,,,No Match
Lava ARC01,http://www.infibeam.com/Mobiles/i-Lava-ARC01-Dual-SIM-Music/P-E-M-Lava-ARC01.html,,,No Match
Maxx MX148,http://www.infibeam.com/Mobiles/i-Maxx-MX148-Arc-Dualsim-Mobile/P-E-M-Maxx-MX148.html,,,No Match
Maxx MX434,http://www.infibeam.com/Mobiles/i-Maxx-MX434-Supremo-Dualsim-Mobile/P-E-M-Maxx-MX434.html,,,No Match
Blackberry 9300 Curve,http://www.infibeam.com/Mobiles/i-BlackBerry-Curve-9300-3G-Smartphone/P-E-M-Blackberry-9300Curve.html,,,No Match
Maxx MT250,http://www.infibeam.com/Mobiles/i-Maxx-MT250-Touch-Screen-Mobile/P-E-M-Maxx-MT250.html,,,No Match
Alcatel OT 710D,http://www.infibeam.com/Mobiles/i-Alcatel-OT-710D-Mobile-Phone/P-E-M-Alcatel-OT-710D.html,,,No Match
Onida V130,http://www.infibeam.com/Mobiles/i-Onida-V130-Dual-SIM/P-E-M-Onida-V130.html,,,No Match
Micromax A 75,http://www.infibeam.com/Mobiles/i-Micromax-A75-SmartPhone/P-E-M-Micromax-A-75.html,,,No Match
Onida G515,http://www.infibeam.com/Mobiles/i-Onida-G515-Dual-SIM-Phone/P-E-M-Onida-G515.html,,,No Match
Spice QT-57,http://www.infibeam.com/Mobiles/i-Spice-QT-57/P-E-M-Spice-QT-57.html,,,No Match
Lava KKT 24 Plus,http://www.infibeam.com/Mobiles/i-Lava-KKT-24-Plus-DualSim/P-E-M-Lava-KKT24Plus.html,,,No Match
Lava KKT 24,http://www.infibeam.com/Mobiles/i-Lava-KKT-24-Dual-Sim/P-E-M-Lava-KKT24.html,,,No Match
Karbonn K450,http://www.infibeam.com/Mobiles/i-Karbonn-K450-Dual-LCD/P-E-M-Karbonn-K450.html,,,No Match
Karbonn K486,http://www.infibeam.com/Mobiles/i-Karbonn-K486-Dual-Sim-Mobile/P-E-M-Karbonn-K486.html,,,No Match
Onida G480,http://www.infibeam.com/Mobiles/i-Onida-G480/P-E-M-Onida-G480.html,,,No Match
Micromax X370,http://www.infibeam.com/Mobiles/i-Micromax-X370-Dual-SIM-Sleek/P-E-M-Micromax-X370.html,,,No Match
Onida F810,http://www.infibeam.com/Mobiles/i-Onida-F810-Dual-SIM-Phone/P-E-M-Onida-F810.html,,,No Match
Samsung B539,http://www.infibeam.com/Mobiles/i-Samsung-B539-3G-Mobile-Phone/P-E-M-Samsung-B539.html,,,No Match
Samsung Duos W169,http://www.infibeam.com/Mobiles/i-Samsung-Duos-W169-Dual-SIM/P-E-M-Samsung-Duos-W169.html,,,No Match
Samsung W259,http://www.infibeam.com/Mobiles/i-Samsung-W259-Duos-Dual-SIM/P-E-M-Samsung-W259.html,,,No Match
Onida G695,http://www.infibeam.com/Mobiles/i-Onida-G695-Dual-Sim-Mobile/P-E-M-Onida-G695.html,,,No Match
Samsung MpowerTxt M369,http://www.infibeam.com/Mobiles/i-Samsung-Mpower-Txt-CDMA-M369/P-E-M-Samsung-M369.html,Samsung MPOWER TXT M369,M0229,Match,Code B-Tree Match
Orion E101,http://www.infibeam.com/Mobiles/i-Orion-E101-Dual-SIM-Mobile/P-E-M-Orion-E101.html,Ion E101,M0411,Match,Code B-Tree Match
LG 6400,http://www.infibeam.com/Mobiles/i-LG-6400-OMH-CDMA-Mobile/P-E-M-LG-6400.html,,,No Match
Samsung Wave 575 S5753 + 2GB Memory Card Free,http://www.infibeam.com/Mobiles/i-Samsung-Wave-575-S5753-Smartphone/P-E-M-Samsung-Wave-575-S5753.html,,,No Match
Intex IN 4500 Thunder,http://www.infibeam.com/Mobiles/i-Intex-IN-4500-Thunder-Dualsim/P-E-M-Intex-IN-4500-Thunder.html,,,No Match
Spice M-4580n,http://www.infibeam.com/Mobiles/i-Spice-M-4580n/P-E-M-Spice-M-4580n.html,Spice M-4580N,M0415,Match,Code B-Tree Match
Samsung E2652 Champ Duos,http://www.infibeam.com/Mobiles/i-Samsung-E2652-Champ-Duos-Mobile/P-E-M-Samsung-E2652-Champ-Duos.html,,,No Match
Samsung E1252,http://www.infibeam.com/Mobiles/i-Samsung-E1252-Dual-SIM-Mobile/P-E-M-Samsung-E1252.html,Samsung Guru Dual 26 E1252,M0417,Match,Comman Name B-Tree Match
Samsung S3850 Corby II,http://www.infibeam.com/Mobiles/i-Samsung-S3850-Corby-II-Phone/P-E-M-Samsung-S3850-Corby-II.html,Samsung Corby II S3850,M0418,Match,Code B-Tree Match
Samsung Corby Colours S3653IK,http://www.infibeam.com/Mobiles/i-Samsung-Corby-Colours-S3653IK/P-E-M-Samsung-S3653IK-Corby.html,,,No Match
Alcatel OT 520D,http://www.infibeam.com/Mobiles/i-Alcatel-OT-520D-Mobile-Phone/P-E-M-Alcatel-OT-520D.html,,,No Match
Intex IN 4666 Noise Proof,http://www.infibeam.com/Mobiles/i-Intex-IN-4666-Noise-Proof/P-E-M-Intex-IN-4666-Noise-Proof.html,,,No Match
VOX-VGS-701,http://www.infibeam.com/Mobiles/i-VOX-VGS-701-Dual-Sim/P-E-M-VOX-VGS-701.html,,,No Match
Lemon Duo 321,http://www.infibeam.com/Mobiles/i-Lemon-Duo-321-Dual-SIM/P-E-M-Lemon-Duo321.html,,,No Match
Samsung Galaxy S Plus GT-I9001,http://www.infibeam.com/Mobiles/i-Samsung-Galaxy-S-Plus-i9001/P-E-M-Samsung-GT-I9001.html,Samsung Galaxy S Plus I9001,M0424,Match,Comman Name B-Tree Match
Samsung Chat 335 S3353 + 2GB Memory Card Free,http://www.infibeam.com/Mobiles/i-samsung-Chat-335-S3353-Smartphone/P-E-M-Samsung-Chat-335-S3353.html,,,No Match
Spice MI 350,http://www.infibeam.com/Mobiles/i-Spice-MI-350-Android-Smartphone/P-E-M-Spice-MI-350.html,,,No Match
Samsung Wave S7233,http://www.infibeam.com/Mobiles/i-Samsung-Wave-S7233-Smartphone/P-E-M-Samsung-Wave-S7233.html,,,No Match
Zen Z80,http://www.infibeam.com/Mobiles/i-Zen-Z80-QWERTY-Mobile-Phone/P-E-M-Zen-Z80.html,,,No Match
VOX- VES-107,http://www.infibeam.com/Mobiles/i-VOX-VES-107-Dual-Sim/P-E-M-VOX-VES-107.html,,,No Match
VOX- VES-109,http://www.infibeam.com/Mobiles/i-VOX-VES-109-Dual-Sim/P-E-M-VOX-VES-109.html,,,No Match
Lava ARC04,http://www.infibeam.com/Mobiles/i-Lava-ARC04-Dual-SIM-Phone/P-E-M-Lava-ARC04.html,,,No Match
Lava ARC05,http://www.infibeam.com/Mobiles/i-Lava-ARC05-Dual-Sim-Mobile/P-E-M-Lava-ARC05.html,,,No Match
Maxx MQ811,http://www.infibeam.com/Mobiles/i-Maxx-MQ811-Dual-Sim-Phone/P-E-M-Maxx-MQ811.html,,,No Match
Maxx MT255,http://www.infibeam.com/Mobiles/i-Maxx-MT255-Maestro-Touchscreen-Phone/P-E-M-Maxx-MT255.html,,,No Match
Maxx MT315,http://www.infibeam.com/Mobiles/i-Maxx-MT315-Ace-Dualsim-Mobile/P-E-M-Maxx-MT315.html,,,No Match
VOX- VGS-501,http://www.infibeam.com/Mobiles/i-VOX-VGS-501-Touch-Screen/P-E-M-VOX-VGS-501.html,,,No Match
VOX- VGS-503,http://www.infibeam.com/Mobiles/i-VOX-VGS-503-Dual-Sim/P-E-M-VOX-VGS-503.html,,,No Match
VOX- VGS-505,http://www.infibeam.com/Mobiles/i-VOX-VGS-505-Touch-Screen/P-E-M-VOX-VGS-505.html,,,No Match
VOX- VGS-605,http://www.infibeam.com/Mobiles/i-VOX-VGS-605-Dual-Sim/P-E-M-VOX-VGS-605.html,,,No Match
VOX- VGS-703,http://www.infibeam.com/Mobiles/i-VOX-VGS-703-Dual-Camera/P-E-M-VOX-VGS-703.html,,,No Match
Maxx MA440,http://www.infibeam.com/Mobiles/i-Maxx-MA440-Android-Mobile-Phone/P-E-M-Maxx-MA440.html,,,No Match
Lemon iQ 303,http://www.infibeam.com/Mobiles/i-Lemon-iQ-303-Qwerty-Mobile/P-E-M-Lemon-iQ303.html,,,No Match
Lemon DUO 419,http://www.infibeam.com/Mobiles/i-Lemon-DUO419-Dual-Sim-Mobile/P-E-M-Lemon-DUO-419.html,,,No Match
Samsung Galxy SII I9100G,http://www.infibeam.com/Mobiles/i-Samsung-I9100G-Galaxy-S-II/P-E-M-Samsung-SII-I9100G.html,,,No Match
LG 6160,http://www.infibeam.com/Mobiles/i-LG-6160-CDMA-Mobile/P-E-M-LG-6160.html,,,No Match
Micromax Q5,http://www.infibeam.com/Mobiles/i-Micromax-Q5-Ezpad-Dual-SIM/P-E-M-Micromax-Q5.html,,,No Match
Nokia N8,http://www.infibeam.com/Mobiles/i-Nokia-N8-SmartPhone/P-E-M-Nokia-N8.html,,,No Match
Apple iPhone 4S-16GB,http://www.infibeam.com/Mobiles/i-Apple-iPhone-4S-16GB-SmartPhone/P-E-M-Apple-iPhone-4S-16GB.html,,,No Match
Apple iPhone 4S-32GB,http://www.infibeam.com/Mobiles/i-Apple-iPhone-4S-32GB-SmartPhone/P-E-M-Apple-iPhone-4S-32GB.html,,,No Match
Apple iPhone 4 32 GB (Officially Unlocked),http://www.infibeam.com/Mobiles/i-Apple-iPhone-4-32GB-Smartphone/P-E-M-Apple-iPhone-4-32GB.html,,,No Match
Maxx MS830,http://www.infibeam.com/Mobiles/i-Maxx-MS830-Touch-Screen-Mobile/P-E-M-Maxx-MS830.html,,,No Match
Onida S555,http://www.infibeam.com/Mobiles/i-Onida-S555-Dual-Sim-Mobile/P-E-M-Onida-S555.html,,,No Match
Samsung Monte Slider GT-E2550,http://www.infibeam.com/Mobiles/i-Samsung-GT-E2550-Monte-Slider/P-E-M-Samsung-E2550.html,,,No Match
VOX- VGS-705,http://www.infibeam.com/Mobiles/i-VOX-VGS-705-Slider/P-E-M-VOX-VGS-705.html,,,No Match
Nokia C3 Touch and Type,http://www.infibeam.com/Mobiles/i-Nokia-C3-Touch-and-Type/P-E-M-Nokia-C3-Touch-and-Type.html,Nokia X3-02 Touch and Type,M0189,Match,Comman Name B-Tree Match
Nokia C3,http://www.infibeam.com/Mobiles/i-Nokia-C3/P-E-M-Nokia-C3.html,,,No Match
Nokia C5,http://www.infibeam.com/Mobiles/i-Nokia-C5/P-E-M-Nokia-C5.html,,,No Match
Nokia C6,http://www.infibeam.com/Mobiles/i-Nokia-C6-Slider/P-E-M-Nokia-C6.html,,,No Match
Nokia X7,http://www.infibeam.com/Mobiles/i-Nokia-X7-Touch-Screen-Smartphone/P-E-M-Nokia-X7.html,,,No Match
Samsung E1085 GSM,http://www.infibeam.com/Mobiles/i-Samsung-E1085/P-E-M-Samsung-E1085.html,,,No Match
VOX- VES-203- With Free Bluetooth,http://www.infibeam.com/Mobiles/i-VOX-VES-203-Dual-Sim/P-E-M-VOX-VES-203.html,,,No Match
LG T310i + Free 2 GB Memory Card,http://www.infibeam.com/Mobiles/i-LG-T310i-Cookie-WiFi-Smartphone/P-E-M-LG-T310i.html,,,No Match
Apple iPhone 4 16 GB (Officially Unlocked),http://www.infibeam.com/Mobiles/i-Apple-iPhone-4-16GB-Smartphone/P-E-M-Apple-iPhone-4-16GB.html,,,No Match
Lemon iT 414,http://www.infibeam.com/Mobiles/i-Lemon-iT-414-Dual-SIM/P-E-M-Lemon-iT-414.html,,,No Match
Lava ARC 02 Plus,http://www.infibeam.com/Mobiles/i-Lava-ARC-02-Plus-DualSim/P-E-M-Lava-ARC02Plus.html,,,No Match
Samsung C3530 Metro 3530,http://www.infibeam.com/Mobiles/i-Samsung-C3530-Metro-3530-Mobile/P-E-M-Samsung-C3530.html,,,No Match
Lava ARC03 Plus,http://www.infibeam.com/Mobiles/i-Lava-ARC03-Plus-Dual-Sim/P-E-M-Lava-ARC03-Plus.html,,,No Match
Lava B6 + Free 2 GB Memory Card,http://www.infibeam.com/Mobiles/i-Lava-B6-Dual-SIM-Camera/P-E-M-Lava-B6.html,,,No Match
Dell Aero + Free 2 GB Card,http://www.infibeam.com/Mobiles/i-Dell-Aero-Android-Smartphone/P-E-M-Dell-Aero.html,,,No Match
HTC ChaCha,http://www.infibeam.com/Mobiles/i-HTC-ChaCha-3G-Android-Smartphone/P-E-M-HTC-ChaCha.html,HTC ChaCha,M0470,Match,Comman Name B-Tree Match
HTC Desire HD,http://www.infibeam.com/Mobiles/i-HTC-Desire-HD-Android-Smartphone/P-E-M-HTC-Desire-HD.html,,,No Match
HTC Desire S,http://www.infibeam.com/Mobiles/i-HTC-Desire-S-Android-SmartPhone/P-E-M-HTC-Desire-S.html,HTC Wildfire S,M0535,Match,Code B-Tree Match
HTC Desire Z,http://www.infibeam.com/Mobiles/i-HTC-Desire-Z-Android-Smartphone/P-E-M-HTC-Desire-Z.html,,,No Match
HTC Desire,http://www.infibeam.com/Mobiles/i-HTC-Desire-3G-Android-Smartphone/P-E-M-HTC-Desire.html,HTC Desire,M0471,Match,Comman Name B-Tree Match
HTC Explorer 3.2 Inch Touch Screen (Royal Black),http://www.infibeam.com/Mobiles/i-HTC-Explorer-Touch-Screen-Smartphone/P-E-M-HTC-Explorer.html,,,No Match
HTC Incredible S + Free 8GB Memory Card,http://www.infibeam.com/Mobiles/i-HTC-Incredible-S-Android-Smartphone/P-E-M-HTC-IncredibleS.html,,,No Match
HTC Rhyme,http://www.infibeam.com/Mobiles/i-HTC-Rhyme-Android-SmartPhone/P-E-M-HTC-Rhyme.html,HTC Rhyme,M0477,Match,Comman Name B-Tree Match
HTC Salsa C510e + Free 2GB MicroSD Card,http://www.infibeam.com/Mobiles/i-HTC-Salsa-C510e-Android-Smartphone/P-E-M-HTC-Salsa-C510e.html,,,No Match
HTC Sensation XE with Beats Audio,http://www.infibeam.com/Mobiles/i-HTC-Sensation-XE-With-Audio/P-E-M-HTC-Sensation-XE.html,,,No Match
HTC Sensation XL,http://www.infibeam.com/Mobiles/i-HTC-Sensation-XL-Mobile/P-E-M-HTC-Sensation-XL.html,,,No Match
HTC Sensation,http://www.infibeam.com/Mobiles/i-HTC-Sensation-Android-Smartphone-Mobile/P-E-M-HTC-Sensation.html,HTC Sensation,M0479,Match,Comman Name B-Tree Match
HTC Wildfire S + Free 2 GB Card,http://www.infibeam.com/Mobiles/i-HTC-Wildfire-S-Android-Smartphone/P-E-M-HTC-Wildfire-S.html,,,No Match
MTS Livewire SP 100 with MTS Locked,http://www.infibeam.com/Mobiles/i-MTS-Livewire-SP100-Android-Smartphone/P-E-M-MTS-Livewire-SP-100.html,,,No Match
MTS Livewire ZTE N600,http://www.infibeam.com/Mobiles/i-MTS-Livewire-ZTEN600-Android-SmartPhone/P-E-M-MTS-ZTE-N600.html,,,No Match
Micromax Bling 2,http://www.infibeam.com/Mobiles/i-Micromax-Bling2-Android-Dual-SIM/P-E-M-Micromax-Bling-2.html,Micromax Bling 2,M0485,Match,Code B-Tree Match
Micromax Q5c,http://www.infibeam.com/Mobiles/i-Micromax-Q5c-CDMA/P-E-M-Micromax-Q5c.html,Micromax Q5c,M0486,Match,Code B-Tree Match
Micromax X11i,http://www.infibeam.com/Mobiles/i-Micromax-X11i-Dual-Sim-Mobile/P-E-M-Micromax-X11i.html,Micromax X11i,M0572,Match,Code B-Tree Match
Micromax X11i+,http://www.infibeam.com/Mobiles/i-Micromax-X11i-Plus-Dual-Sim/P-E-M-Micromax-X11i-Plus.html,Micromax X11i+,M0488,Match,Code B-Tree Match
Micromax X1i,http://www.infibeam.com/Mobiles/i-Micromax-X1i-Dual-Sim/P-E-M-Micromax-X1i.html,Micromax X1i Reloaded,M0489,Match,Code B-Tree Match
Micromax X2i,http://www.infibeam.com/Mobiles/i-Micromax-X2i-Dual-Sim/P-E-M-Micromax-X2i.html,Micromax X2i,M0576,Match,Code B-Tree Match
Micromax X2i+,http://www.infibeam.com/Mobiles/i-Micromax-X2i-Dual-Sim/P-E-M-Micromax-X2iPlus.html,Micromax X2i+,M0491,Match,Code B-Tree Match
Motorola Backflip,http://www.infibeam.com/Mobiles/i-Motorola-Backflip-Android-Smartphone-MOTOBLUR/P-E-M-Motorola-Backflip.html,Motorola Backflip,M0492,Match,Comman Name B-Tree Match
Motorola Defy Plus,http://www.infibeam.com/Mobiles/i-Motorola-Defy-Plus-Android-SmartPhone/P-E-M-Motorola-Defy-Plus.html,Motorola Defy Plus,M0493,Match,Comman Name B-Tree Match
Motorola Defy,http://www.infibeam.com/Mobiles/i-Motorola-Defy-MOTOBLUR-Android-Smartphone/P-E-M-Motorola-Defy.html,Motorola Defy Plus,M0493,Match,Comman Name B-Tree Match
Motorola Flipout MOTOBLUR (With 2 GB Memory Card),http://www.infibeam.com/Mobiles/i-Motorola-Flipout-MOTOBLUR-Android-Phone/P-E-M-Motorola-Flipout.html,,,No Match
Motorola Milestone Tablet Xt720,http://www.infibeam.com/Mobiles/i-Motorola-Milestone-XT720-Android-Smartphone/P-E-M-Motorola-XT720.html,,,No Match
Nokia 6303i classic,http://www.infibeam.com/Mobiles/i-Nokia-6303i-Classic/P-E-M-Nokia-6303iclassic.html,,,No Match
Samsung Galaxy Note,http://www.infibeam.com/Mobiles/i-Samsung-Galaxy-Note-Android-Tablet/P-E-M-Samsung-Galaxy-Note.html,Samsung Galaxy Note N-7000,M0498,Match,Comman Name B-Tree Match
Samsung Galaxy Pop i559,http://www.infibeam.com/Mobiles/i-Samsung-Galaxy-Pop-CDMA-i559/P-E-M-Samsung-Galaxy-Pop-i559.html,Samsung Galaxy Pop i559,M0499,Match,Code B-Tree Match
Samsung Galaxy S Plus,http://www.infibeam.com/Mobiles/i-Samsung-Galaxy-S-Plus-Mobile/P-E-M-Samsung-Galaxy-S-Plus.html,Samsung Google Nexus S,M0501,Match,Code B-Tree Match
Samsung Nexus S,http://www.infibeam.com/Mobiles/i-Samsung-Nexus-S-Android-Smartphone/P-E-M-Samsung-Nexus-S.html,Samsung Google Nexus S,M0501,Match,Code B-Tree Match
Sony Ericsson Aino Classic Touchscreen Mobile,http://www.infibeam.com/Mobiles/i-Sony-Ericsson-Anio-Classic-Touchscreen/P-E-M-Sony-Ericsson-AinoClassic.html,,,No Match
Sony Ericsson Cedar,http://www.infibeam.com/Mobiles/i-Sony-Ericsson-Cedar-GreenHeart-Mobile/P-E-M-Sony-Ericsson-Cedar.html,Sony Ericsson Cedar,M0503,Match,Comman Name B-Tree Match
Sony Ericsson Elm J10i2,http://www.infibeam.com/Mobiles/i-Sony-Ericsson-Elm-J10i2/P-E-M-Sony-Ericsson-ElmJ10i2.html,,,No Match
Sony Ericsson Hazel,http://www.infibeam.com/Mobiles/i-Sony-Ericsson-Hazel-Slider/P-E-M-Sony-Ericsson-Hazel.html,Sony Ericsson Hazel,M0505,Match,Comman Name B-Tree Match
Sony Ericsson Live Walkman,http://www.infibeam.com/Mobiles/i-Sony-Ericsson-Live-With-Walkman/P-E-M-Sony-Ericsson-Live-Walkman.html,Sony Ericsson Live with Walkman - WT19i,M0507,Match,Comman Name B-Tree Match
Sony Ericsson Live Walkman,http://www.infibeam.com/Mobiles/i-Sony-Ericsson-Live-With-Walkman/P-E-M-Sony-Ericsson-Live-Walkman-Combo.html,Sony Ericsson Live with Walkman - WT19i,M0507,Match,Comman Name B-Tree Match
Sony Ericsson Mix Walkman WT13i,http://www.infibeam.com/Mobiles/i-Sony-Ericsson-Walkman-WT13i-SmartPhone/P-E-M-Sony-Ericsson-WT13i.html,Sony Ericsson Mix Walkman WT13i,M0509,Match,Code B-Tree Match
Sony Ericsson Mix Walkman,http://www.infibeam.com/Mobiles/i-Sony-Ericsson-Mix-Walkman-Touchscreen/P-E-M-Sony-Ericsson-Mix-Walkman-Combo.html,Sony Ericsson Mix Walkman WT13i,M0509,Match,Comman Name B-Tree Match
Sony Ericsson Spiro,http://www.infibeam.com/Mobiles/i-Sony-Ericsson-Spiro-Walkman-Phone/P-E-M-Sony-Ericsson-Spiro.html,Sony Ericsson Spiro,M0510,Match,Comman Name B-Tree Match
Sony Ericsson U5i Vivaz,http://www.infibeam.com/Mobiles/i-Sony-Ericsson-Vivaz-U5i-SmartPhone/P-E-M-Sony-Ericsson-VivazU5i.html,,,No Match
Sony Ericsson Vivaz pro,http://www.infibeam.com/Mobiles/i-Sony-Ericsson-Vivaz-Pro-Touchscreen/P-E-M-Sony-Ericsson-Vivazpro.html,,,No Match
Sony Ericsson Xperia Arc,http://www.infibeam.com/Mobiles/i-Sony-Ericsson-Xperia-Arc-Smartphone/P-E-M-Sony-Ericsson-XperiaArc.html,Sony Ericsson Xperia Arc S,M0513,Match,Comman Name B-Tree Match
Sony Ericsson Xperia Play,http://www.infibeam.com/Mobiles/i-Sony-Ericsson-Xperia-Play-Android/P-E-M-Sony-Ericsson-XperiaPlay.html,Sony Ericsson Xperia Play,M0514,Match,Comman Name B-Tree Match
Sony Ericsson Xperia Pro,http://www.infibeam.com/Mobiles/i-Sony-Ericsson-Xperia-Pro-Smartphone/P-E-M-Sony-Ericsson-XperiaPro.html,Sony Ericsson Xperia X10 Mini Pro,M0516,Match,Comman Name B-Tree Match
Sony Ericsson Xperia Pro,http://www.infibeam.com/Mobiles/i-Sony-Ericsson-Xperia-Pro-Smartphone/P-E-M-Sony-Ericsson-XperiaPro-Combo.html,Sony Ericsson Xperia X10 Mini Pro,M0516,Match,Comman Name B-Tree Match
Sony Ericsson Zylo,http://www.infibeam.com/Mobiles/i-Sony-Ericsson-Zylo-Walkman/P-E-M-Sony-Ericsson-Zylo.html,Sony Ericsson Zylo,M0517,Match,Comman Name B-Tree Match
Sony Ericsson txt,http://www.infibeam.com/Mobiles/i-Sony-Ericsson-txt-Qwerty-SmartPhone/P-E-M-Sony-Ericsson-txt.html,Sony Ericsson Fengli txt pro CK15i,M0542,Match,Comman Name B-Tree Match
Spice Blueberry Express,http://www.infibeam.com/Mobiles/i-Spice-Blueberry-Express-Mobile-Phone/P-E-M-Spice-Blueberry-Express.html,Spice Blueberry Express,M0519,Match,Comman Name B-Tree Match
Spice Blueberry Mini,http://www.infibeam.com/Mobiles/i-Spice-Blueberry-Mini-Dual-SIM/P-E-M-Spice-Blueberry-Mini.html,Spice Blueberry Mini,M0520,Match,Comman Name B-Tree Match
Spice Mi-350n,http://www.infibeam.com/Mobiles/i-Spice-Mi-350n-SmartPhone/P-E-M-Spice-Mi-350n.html,Spice Mi-350n,M0529,Match,Code B-Tree Match
iBall Flip Flipper,http://www.infibeam.com/Mobiles/i-iBall-Flip-Flipper-Dual-SIM/P-E-M-iBall-Flipper.html,,,No Match
iBall Gracia,http://www.infibeam.com/Mobiles/i-iBall-Gracia-Dual-SIM-Mobile/P-E-M-iBall-Gracia.html,iBall Gracia,M0523,Match,Comman Name B-Tree Match
iBall Posh Platina,http://www.infibeam.com/Mobiles/i-iBall-Posh-Platina-Dual-SIM/P-E-M-iBall-Platina.html,iBall Posh Platina,M0524,Match,Comman Name B-Tree Match
iBall Senior Aasaan,http://www.infibeam.com/Mobiles/i-iBall-Senior-Aasaan-Mobile-Phone/P-E-M-iBall-Aasaan.html,,,No Match
iBall Sleec Thin,http://www.infibeam.com/Mobiles/i-iBall-Sleec-Thin-Dual-SIM/P-E-M-iBall-Thin.html,,,No Match
iBall Water Proof Floater,http://www.infibeam.com/Mobiles/i-iBall-Waterproof-Floater-Mobile-Phone/P-E-M-iBall-Floater.html,,,No Match
Sony Ericsson Xperia Ray ST 18i,http://www.infibeam.com/Mobiles/i-Sony-Ericsson-Xperia-Ray-ST18i/P-E-M-Sony-Ericsson-XperiaRayST18i.html,,,No Match
Spice M-5500 TOUCH and TYPE Mobile,http://www.infibeam.com/Mobiles/i-Spice-M5500-Touch-Screen-Mobile/P-E-M-Spice-M-5500.html,,,No Match
Sony Ericsson Xperia Active,http://www.infibeam.com/Mobiles/i-Sony-Ericsson-Xperia-Active-Touchscreen/P-E-M-Sony-Ericsson-Xperia-Active-Combo.html,Sony Ericsson Xperia active ST17i,M0530,Match,Comman Name B-Tree Match
Sony Ericsson Xperia Active,http://www.infibeam.com/Mobiles/i-Sony-Ericsson-Xperia-Active-Touchscreen/P-E-M-Sony-Ericsson-Xperia-active.html,Sony Ericsson Xperia active ST17i,M0530,Match,Comman Name B-Tree Match
Karbonn K25i,http://www.infibeam.com/Mobiles/i-Karbonn-K25-Dual-Sim/P-E-M-Karbonn-K25.html,,,No Match
Sony-Ericsson Xperia Mini Pro,http://www.infibeam.com/Mobiles/i-Sony-Ericsson-Xperia-Mini-Pro/P-E-M-Sony-Ericsson-Xeperia-Mini-Pro-Combo.html,,,No Match
Sony-Ericsson Xperia Mini Pro,http://www.infibeam.com/Mobiles/i-Sony-Ericsson-Xperia-Mini-Pro/P-E-M-Sony-Ericsson-Xeperia-Mini-Pro.html,,,No Match
HTC WildFire,http://www.infibeam.com/Mobiles/i-HTC-WildFire-3G-Android-Smartphone/P-E-M-HTC-WildFire.html,HTC Wildfire S,M0535,Match,Comman Name B-Tree Match
Micromax X226 + 1 GB Memory Card,http://www.infibeam.com/Mobiles/i-Micromax-X226-Dual-SIM-Music/P-E-M-Micromax-X226.html,,,No Match
Samsung C3222 Chat 322,http://www.infibeam.com/Mobiles/i-Samsung-C3222-Chat-322-QWERTY/P-E-M-Samsung-C3222.html,,,No Match
iBall Flip Glider,http://www.infibeam.com/Mobiles/i-iBall-Flip-Glider-Dual-SIM/P-E-M-iBall-Glider.html,,,No Match
VOX- VPS-401- With Free Bluetooth,http://www.infibeam.com/Mobiles/i-VOX-VPS-401-Dual-Sim/P-E-M-VOX-VPS-401.html,,,No Match
Sony Ericsson Xperia Neo V,http://www.infibeam.com/Mobiles/i-Sony-Ericsson-Xperia-Neo-V/P-E-M-Sony-Ericsson-Xperia-Neo-V-Combo.html,Sony Ericsson Xperia neo V,M0540,Match,Code B-Tree Match
MTS MTag 3.1 SP-101 + Free Call Mate Bluetooth & Screen Guard,http://www.infibeam.com/Mobiles/i-MTS-MTag-3-1-SP/P-E-M-MTS-Mtag-31-SP-101.html,,,No Match
Sony Ericsson Txt pro,http://www.infibeam.com/Mobiles/i-Sony-Ericsson-Txt-Pro-Mobile/P-E-M-Sony-Ericsson-txt-pro.html,Sony Ericsson Fengli txt pro CK15i,M0542,Match,Comman Name B-Tree Match
Sony Ericsson Xperia Neo,http://www.infibeam.com/Mobiles/i-Sony-Ericsson-Xperia-Neo-Android/P-E-M-Sony-Ericsson-XperiaNeo.html,Sony Ericsson Xperia neo V,M0540,Match,Comman Name B-Tree Match
Micromax-Q66,http://www.infibeam.com/Mobiles/i-Micromax-Q66-Eclipse-Dual-SIM/P-E-M-Micromax-Q66.html,,,No Match
Samsung Galaxy Ace S5830 + 2 GB Memory Card Free,http://www.infibeam.com/Mobiles/i-Samsung-Galaxy-Ace-S5830-Android/P-E-M-Samsung-Galaxy-Ace-S5830.html,,,No Match
Sony Ericsson Xperia ARC S,http://www.infibeam.com/Mobiles/i-Sony-Ericsson-Xperia-ARC-S/P-E-M-Sony-Ericsson-Xperia-arc-S-Combo.html,Sony Ericsson Xperia Arc S,M0513,Match,Code B-Tree Match
Sony Ericsson Xperia ARC S,http://www.infibeam.com/Mobiles/i-Sony-Ericsson-Xperia-ARC-S/P-E-M-Sony-Ericsson-Xperia-arc-S.html,Sony Ericsson Xperia Arc S,M0513,Match,Code B-Tree Match
Karbonn K446 + 2GB Memory Card Free,http://www.infibeam.com/Mobiles/i-Karbonn-K446-Dual-Sim/P-E-M-Karbonn-K446.html,,,No Match
Maxx MX463 + 2GB Memory Card Free,http://www.infibeam.com/Mobiles/i-Maxx-MX463-Dual-SIM/P-E-M-Maxx-MX463.html,,,No Match
Motorola Zeppelin Lite Xt5 Xt502,http://www.infibeam.com/Mobiles/i-Motorola-Quench-Xt5-Zeppelin-Lite/P-E-M-Motorola-Zeppelin-Lite-Xt5-Xt502.html,Motorola XT5 XT502,M0550,Match,Code B-Tree Match
Samsung Corby POP C3510,http://www.infibeam.com/Mobiles/i-Samsung-Corby-POP-C3510-SmartPhone/P-E-M-Samsung-CorbyPOP-C3510.html,,,No Match
Maxx MX317 + Free 2 GB Card,http://www.infibeam.com/Mobiles/i-Maxx-MX317-Dual-SIM-Candybar/P-E-M-Maxx-MX-317.html,,,No Match
Swiss Sv45 Nice n Easy,http://www.infibeam.com/Mobiles/i-Swissvoice-Sv45-Dual-SIM-Mobile/P-E-M-Swiss-Sv45.html,,,No Match
Samsung S5333 + 2GB Memory Card Free,http://www.infibeam.com/Mobiles/i-Samsung-Wave-533-S5333-Smartphone/P-E-M-Samsung-S5333.html,,,No Match
Sony-Ericsson Xperia Mini ST15i + 2 GB Card,http://www.infibeam.com/Mobiles/i-Sony-Ericsson-Xperia-Mini-ST15i/P-E-M-Sony-Ericsson-Xperia-Mini-ST15i.html,,,No Match
Samsung Chat 222,http://www.infibeam.com/Mobiles/i-Samsung-Chat-222-Qwerty-Mobile/P-E-M-Samsung-Chat222.html,,,No Match
iBall IPS-261 Price Touch and Type Mobile Phone,http://www.infibeam.com/Mobiles/i-iBall-Ips-Touch-Type-Mobile/P-E-M-iBall-IPS-261-touch.html,,,No Match
Samsung Star-II-Duos-C6712,http://www.infibeam.com/Mobiles/i-Samsung-Star-Duos-C6712-Smartphone/P-E-M-Samsung-Star-II-Duos-C6712.html,,,No Match
Motorola Fire + Free 2 GB Card,http://www.infibeam.com/Mobiles/i-Motorola-Fire-XT311-Android-Gingerbread/P-E-M-Motorola-Fire-XT311.html,,,No Match
Motorola Fire XT + Free 2 GB Card,http://www.infibeam.com/Mobiles/i-Motorola-Fire-XT-Android-Gingerbread/P-E-M-Motorola-Fire-XT.html,,,No Match
Micromax MODU T,http://www.infibeam.com/Mobiles/i-Modu-T-Lightest-Smartphone/P-E-M-Micromax-MODUT.html,Micromax Modu T,M0544,Match,Code B-Tree Match
Spice S7000 GSM,http://www.infibeam.com/Mobiles/i-Spice-S7000/P-E-M-Spice-S7000.html,,,No Match
iBall Andi,http://www.infibeam.com/Mobiles/i-iBall-Andi-Android-Smartphone/P-E-M-iBall-Andi.html,iBall ANDi,M0563,Match,Comman Name B-Tree Match
iBall Long-B261 Shaan,http://www.infibeam.com/Mobiles/i-iBall-Long-B261-Shaan-Mobile/P-E-M-iBall-Long-B261.html,,,No Match
HTC-Radar,http://www.infibeam.com/Mobiles/i-HTC-Radar-3G-TouchScreen-Smartphone/P-E-M-HTC-Radar.html,,,No Match
Acer Liquid mini E310 + Free 2 GB Card,http://www.infibeam.com/Mobiles/i-Acer-Liquid-Mini-E310-Android/P-E-M-Acer-Liquid-mini-E310.html,,,No Match
Samsung Hero-E2232 with Free Callmate emergency charger,http://www.infibeam.com/Mobiles/i-Samsung-Hero-E2232-Dual-SIM/P-E-M-Samsung-Combo1.html,,,No Match
Motorola-Charm-MB502,http://www.infibeam.com/Mobiles/i-Motorola-Charm-MB502-Android-QWERTY/P-E-M-Motorola-Charm-MB502.html,,,No Match
Samsung NX2 F699 + 1 GB Memory Card Free,http://www.infibeam.com/Mobiles/i-Samsung-NX2-F699-Slider-Mobile/P-E-M-Samsung-NX2-F699.html,,,No Match
LG T325 + Free 2 GB Memory Card,http://www.infibeam.com/Mobiles/i-LG-Cookie-Max-T325-Smartphone/P-E-M-LG-T325.html,,,No Match
Motorola Droid Razer,http://www.infibeam.com/Mobiles/i-Motorola-Droid-Razer-Android-Smartphone/P-E-M-Motorola-Droid-Razer.html,,,No Match
Micromax Q1-Plus with Camera,http://www.infibeam.com/Mobiles/i-Micromax-Q1-Plus-Dual-SIM/P-E-M-Micromax-Q1-Plus.html,,,No Match
Motorola QUENCH XT3,http://www.infibeam.com/Mobiles/i-Motorola-Quench-XT3-Android-Smartphone/P-E-M-Motorola-QUENCHXT3.html,,,No Match
LG LG235 + Inbuilt Photon,http://www.infibeam.com/Mobiles/i-LG-LG235-Mobile-Phone/P-E-M-LG-LG235.html,,,No Match
Samsung Wave525-S5253,http://www.infibeam.com/Mobiles/i-Samsung-Wave-525-S5253/P-E-M-Samsung-Wave525-S5253.html,,,No Match
Micromax X550 QUBE,http://www.infibeam.com/Mobiles/i-Micromax-X550-QUBE/P-E-M-Micromax-X550.html,,,No Match
Acer beTouch E130 + 2 GB Memory Card Free,http://www.infibeam.com/Mobiles/i-Acer-beTouch-E130-3G-Smartphone/P-E-M-Acer-beTouch-E130.html,,,No Match
Lemon Duo 402 + Free 2 GB Memory Card,http://www.infibeam.com/Mobiles/i-Lemon-Duo-402-Dual-SIM/P-E-M-Lemon-Duo402.html,,,No Match
Swiss Sv75 One Touch + Free 2 GB Card,http://www.infibeam.com/Mobiles/i-Swiss-Sv75-One-Touch-Mobile/P-E-M-Swiss-Sv75.html,,,No Match
Maxx MTP9,http://www.infibeam.com/Mobiles/i-Maxx-MTP9-Focus-Dualsim-Phone/P-E-M-Maxx-MTP9.html,,,No Match
Lava C30 + Free 2 GB Memory Card,http://www.infibeam.com/Mobiles/i-Lava-C30-Slider-Mobile-Phone/P-E-M-Lava-C30.html,,,No Match
Lava M30 + Free 2 GB Memory Card,http://www.infibeam.com/Mobiles/i-Lava-M30-Dual-SIM-Mobile/P-E-M-Lava-M30.html,,,No Match
Videocon V1608 + Free 2 GB Card,http://www.infibeam.com/Mobiles/i-Videocon-V1608-Triple-SIM-Mobile/P-E-M-Videocon-V1608.html,,,No Match
Onida I-9 Android,http://www.infibeam.com/Mobiles/i-Onida-I9-Android-Phone/P-E-M-Onida-I-9.html,,,No Match
Acer beTouch-E210,http://www.infibeam.com/Mobiles/i-Acer-beTouch-E210-Android-Smartphone/P-E-M-Acer-beTouch-E210.html,,,No Match
Swiss Sv65 Easy Messaging + Free 2 GB Card,http://www.infibeam.com/Mobiles/i-Swiss-Sv65-Easy-Messaging-Mobile/P-E-M-Swiss-Sv65.html,,,No Match
VOX V1 Plus + Free Bluetooth & MP3,http://www.infibeam.com/Mobiles/i-VOX-V1-Plus-Mobile-Phone/P-E-M-VOX-V1-Plus.html,,,No Match
"Black Elemente 7 Inch 708 - 8GB 3G, Wifi, GPS Tablet",http://www.infibeam.com/Mobiles/i-Black-Elemente-Black-708-3G/P-E-M-Black-Elemente-Black-708-3G.html,,,No Match
Swiss Sv25 Talk n Talk,http://www.infibeam.com/Mobiles/i-Swiss-Sv25-Talk-n-Talk/P-E-M-Swiss-Sv25.html,,,No Match
VOX Multimedia Phone with camera & Bluetooth + Bluetooth + Mp3 Player,http://www.infibeam.com/Mobiles/i-VOX-Mobile-Bluetooth-Mp3-Player/P-E-M-VOX-V-1.html,,,No Match
Wespro Zing Dual SIM Dual Battery Mobile -X5000i,http://www.infibeam.com/Mobiles/i-Wespro-Zing-X5000i-Dual-SIM/P-E-M-Wespro-ZingX5000i.html,,,No Match
Fujezone VISION,http://www.infibeam.com/Mobiles/i-Fujezone-VISION-Dual-SIM/P-E-M-Fujezone-VISION.html,,,No Match
Fly E 140,http://www.infibeam.com/Mobiles/i-Fly-E140-Touch-Screen-Mobile/P-E-M-Fly-E-140.html,,,No Match
Fly E 146,http://www.infibeam.com/Mobiles/i-Fly-E-146-Touchscreen-Phone/P-E-M-Fly-E-146.html,,,No Match
Intex IN 50 CDMA,http://www.infibeam.com/Mobiles/i-Intex-IN-50-CDMA/P-E-M-Intex-IN50.html,,,No Match
Lava C51,http://www.infibeam.com/Mobiles/i-Lava-C51-Touch-Screen-Phone/P-E-M-Lava-C51.html,,,No Match
Onida S333,http://www.infibeam.com/Mobiles/i-Onida-S333-Dual-SIM-Mobile/P-E-M-Onida-S333.html,,,No Match
Vodafone Blue-VF555,http://www.infibeam.com/Mobiles/i-Vodafone-Blue-VF555-Mobile/P-E-M-Vodafone-Blue-VF555.html,,,No Match
Lemon DUO IT 828,http://www.infibeam.com/Mobiles/i-Lemon-DUO-TouchScreen-GSM-Mobile/P-E-M-Lemon-DUO-IT-828.html,,,No Match
Vox V1,http://www.infibeam.com/Mobiles/i-Vox-V1-Dual-Sim-Mobile/P-E-M-Vox-V1.html,,,No Match
Lemon iQ 707,http://www.infibeam.com/Mobiles/i-Lemon-iQ-707-Dual-Sim/P-E-M-Lemon-iQ707.html,Lemon IQ 707,M0601,Match,Code B-Tree Match
VOX 307 Smart Phone + Free VOX V9 Mobile,http://www.infibeam.com/Mobiles/i-VOX-307-Smart-Phone-VOX/P-E-M-VOX-Combo.html,,,No Match
VOX- VGS-701a,http://www.infibeam.com/Mobiles/i-VOX-VGS-701a-Dual-Camera/P-E-M-VOX-VGS-701a.html,,,No Match
Fujezone C6 Android Mobile,http://www.infibeam.com/Mobiles/i-Fujezone-C6-Android-Smartphone/P-E-M-Fujezone-C6.html,,,No Match
Fly B 405,http://www.infibeam.com/Mobiles/i-Fly-B-405-Qwerty-Smartphone/P-E-M-Fly-B-405.html,,,No Match
VOX- VPS-307- With Free 2GB Card,http://www.infibeam.com/Mobiles/i-VOX-VPS-307-QWERTY-Keyboard/P-E-M-VOX-VPS-307.html,,,No Match
Fly B450 Qwerty Mobile,http://www.infibeam.com/Mobiles/i-Fly-B450-Dual-SIM-QWERTY/P-E-M-Fly-B-450.html,,,No Match
Wespro Zing Dual SIM Qwerty Mobile Phone-Q800,http://www.infibeam.com/Mobiles/i-Wespro-Zing-Q800-Dual-SIM/P-E-M-Wespro-ZingQ800.html,,,No Match
Wespro Dual SIM Qwerty Mobile Phone-Q900,http://www.infibeam.com/Mobiles/i-Wespro-Q900-Dual-SIM-Qwerty/P-E-M-Wespro-Q900.html,,,No Match
Fly MV 111,http://www.infibeam.com/Mobiles/i-Fly-MV-111-GSM-Mobile/P-E-M-Fly-MV-111.html,,,No Match
Fly B 470,http://www.infibeam.com/Mobiles/i-Fly-B470-Dual-SIM-Mobile/P-E-M-Fly-B-470.html,,,No Match
Accord A27,http://www.infibeam.com/Mobiles/i-Accord-A27-Dual-SIM-Mobile/P-E-M-Accord-A27.html,,,No Match
Airfone AF-110,http://www.infibeam.com/Mobiles/i-Airfone-AF-110-Dual-SIM/P-E-M-Airfone-AF-110.html,,,No Match
Fly B410 DS,http://www.infibeam.com/Mobiles/i-Fly-B410-DS-Qwerty-Smartphone/P-E-M-Fly-B410-DS.html,,,No Match
Fly DS 114A,http://www.infibeam.com/Mobiles/i-Fly-DS-114A-Dual-SIM/P-E-M-Fly-DS-114A.html,,,No Match
Fly DS 157,http://www.infibeam.com/Mobiles/i-Fly-DS-157-Champion-Dual/P-E-M-Fly-DS-157.html,,,No Match
Fly DS 181,http://www.infibeam.com/Mobiles/i-Fly-DS-181-Dual-SIM/P-E-M-Fly-DS-181.html,,,No Match
Fly GC 167,http://www.infibeam.com/Mobiles/i-Fly-GC-167-Mobile-Phone/P-E-M-Fly-GC-167.html,,,No Match
Fly GC 222,http://www.infibeam.com/Mobiles/i-Fly-GC-222-Dual-SIM/P-E-M-Fly-GC-222.html,,,No Match
Fly MC 125,http://www.infibeam.com/Mobiles/i-Fly-MC-125-Music-Phone/P-E-M-Fly-MC-125.html,,,No Match
Fly MC 170,http://www.infibeam.com/Mobiles/i-Fly-MC-170-Dual-SIM/P-E-M-Fly-MC170.html,,,No Match
Fly MV 115,http://www.infibeam.com/Mobiles/i-Fly-MV-115-Theatre-Mobile/P-E-M-Fly-MV-115.html,,,No Match
Fly MV 120,http://www.infibeam.com/Mobiles/i-Fly-MV-120-Dual-SIM/P-E-M-Fly-MV-120.html,,,No Match
Fly MV 124,http://www.infibeam.com/Mobiles/i-Fly-MV-124-Mobile-Phone/P-E-M-Fly-MV-124.html,,,No Match
Fly MV 130,http://www.infibeam.com/Mobiles/i-Fly-MV-130-Theatre-Phone/P-E-M-Fly-MV-130.html,,,No Match
Fly MV 135,http://www.infibeam.com/Mobiles/i-Fly-MV-135-Theatre-Phone/P-E-M-Fly-MV-135.html,,,No Match
Fujezone AS E18+,http://www.infibeam.com/Mobiles/i-Fujezone-AS-E18-Dual-SIM/P-E-M-Fujezone-AS-E18-Plus.html,,,No Match
Infibeam I5000,http://www.infibeam.com/Mobiles/i-Infibeam-I5000-QWERTY-Touch-Screen/P-E-M-Infibeam-I5000.html,,,No Match
Infibeam I666,http://www.infibeam.com/Mobiles/i-Infibeam-I666-QWERTY-Dual-SIM/P-E-M-Infibeam-I666.html,,,No Match
Olive Pad VT100,http://www.infibeam.com/Mobiles/i-Olive-Pad-VT100-Android-Tablet/P-E-M-Olive-VT100.html,,,No Match
Olive V-G1100,http://www.infibeam.com/Mobiles/i-Olive-V-G1100/P-E-M-Olive-V-G1100.html,,,No Match
Olive V-G2300,http://www.infibeam.com/Mobiles/i-Olive-VG2300-Multimedia-Mobile/P-E-M-Olive-V-G2300.html,,,No Match
Olive V-G3000,http://www.infibeam.com/Mobiles/i-Olive-VG3000-Dual-SIM-Mobile/P-E-M-Olive-V-G3000.html,,,No Match
Olive V-G800,http://www.infibeam.com/Mobiles/i-Olive-VG800-Dual-SIM-Smartphone/P-E-M-Olive-V-G800.html,,,No Match
Olive V-G8000,http://www.infibeam.com/Mobiles/i-Olive-V-G8000/P-E-M-Olive-V-G8000.html,,,No Match
Olive V-GC800,http://www.infibeam.com/Mobiles/i-Olive-Wiz-VGC800-Triple-SIM/P-E-M-Olive-V-GC800.html,,,No Match
Orion 905,http://www.infibeam.com/Mobiles/i-Orion-905-Dual-SIM-QWERTY/P-E-M-Orion-905.html,,,No Match
Orion 907,http://www.infibeam.com/Mobiles/i-Orion-907-Dual-SIM-QWERTY/P-E-M-Orion-907.html,,,No Match
Orion 932,http://www.infibeam.com/Mobiles/i-Orion-932-Dual-SIM-Mobile/P-E-M-Orion-932.html,,,No Match
Orion E201,http://www.infibeam.com/Mobiles/i-Orion-E201-Dual-SIM-Mobile/P-E-M-Orion-E201.html,,,No Match
Orion E909,http://www.infibeam.com/Mobiles/i-Orion-E909-Dual-SIM-Mobile/P-E-M-Orion-E909.html,,,No Match
Orion TV203,http://www.infibeam.com/Mobiles/i-Orion-TV203-Dual-SIM-Mobile/P-E-M-Orion-TV203.html,,,No Match
Wespro WM1503,http://www.infibeam.com/Mobiles/i-Wespro-WM1503-Dual-SIM/P-E-M-Wespro-WM1503.html,,,No Match
Wespro WM2107,http://www.infibeam.com/Mobiles/i-Wespro-WM2107-Dual-SIM/P-E-M-Wespro-WM2107.html,,,No Match
Wespro WM3708i,http://www.infibeam.com/Mobiles/i-Wespro-WM3708i-Dual-SIM/P-E-M-Wespro-WM3708i.html,,,No Match
